document_id,unique_quoted_words,n_passage_rows,oa_status,retrieval_route,title,pub_year,venue,doi,licence_class,redaction_required
GHD-04056,1385,118,gold,europepmc_fulltextxml,Strategic solidarity: solidarity and self-interest in Scandinavian contributions to global,2026.0,Globalization and health,10.1186/s12992-026-01214-y,open (gold/diamond/green/hybrid),True
GHD-00616,1058,146,diamond,scielo_oa_pdf,BRICS in the production and distribution of COVID-19 vaccines to countries of the south,2023.0,Saúde e Sociedade,10.1590/s0104-12902023230333en,open (gold/diamond/green/hybrid),True
GHD-01446,1011,94,green,ncbi_pmc_efetch,EMERGING AND TRANSITIONING COUNTRIES' ROLE IN GLOBAL HEALTH.,2010.0,PubMed,,open (gold/diamond/green/hybrid),True
GHD-04432,891,65,green,platform_fetcher_pdf,The global governance of pandemics,2021.0,Sociology of Health & Illness,10.1111/1467-9566.13293,open (gold/diamond/green/hybrid),True
GHD-00688,874,69,bronze,europepmc_fulltextxml,Canada's global health role: supporting equity and global citizenship as a middle power,2018.0,"Lancet (London, England)",10.1016/s0140-6736(18)30322-2,non-open (bronze/closed),True
GHD-00815,867,78,diamond,europepmc_fulltextxml,China’s Foreign Aid Political Drivers: Lessons from a Novel Dataset of Mask Diplomacy in L,2021.0,Journal of Current Chinese Affairs,10.1177/18681026211020763,open (gold/diamond/green/hybrid),True
GHD-05018,855,95,gold,europepmc_fulltextxml,Turning dread into capital: South Africa's AIDS diplomacy,2013.0,Globalization and health,10.1186/1744-8603-9-8,open (gold/diamond/green/hybrid),True
GHD-05165,828,71,bronze,europepmc_fulltextxml,Vaccine diplomacy: nation branding and China’s COVID-19 soft power play,2021.0,Place Branding and Public Diplomacy,10.1057/s41254-021-00224-4,non-open (bronze/closed),True
GHD-00873,792,73,green,ncbi_pmc_efetch,Civil society and the negotiation of the Framework Convention on Tobacco Control,2009.0,Global Public Health,10.1080/17441690802095355,open (gold/diamond/green/hybrid),False
GHD-03671,788,87,bronze,platform_fetcher_pdf,"Regionalism, activism, and rights: New opportunities for health diplomacy in South America",2014.0,Review of International Studies,10.1017/s026021051400028x,non-open (bronze/closed),True
GHD-00251,772,84,gold,europepmc_fulltextxml,Advancing African Medicines Agency through Global Health Diplomacy for an Equitable Pan-Af,2021.0,International Journal of Environmental Research and Public Health,10.3390/ijerph182211758,open (gold/diamond/green/hybrid),False
GHD-03035,759,58,green,ncbi_pmc_efetch,"Multilevel Governance and Shared Sovereignty: European Union, Member States, and the FCTC",2008.0,Governance,10.1111/j.1468-0491.2008.01422.x,open (gold/diamond/green/hybrid),False
GHD-05257,751,50,gold,europepmc_fulltextxml,What vaccine inequity has taught us: a way forward through the lens of ideal and non-ideal,2025.0,Global Bioethics,10.1080/11287462.2025.2497602,open (gold/diamond/green/hybrid),False
GHD-03744,744,71,bronze,europepmc_fulltextxml,Rethinking Global Health Governance in a Changing World Order for Achieving Sustainable De,2019.0,Fudan Journal of the Humanities and Social Sciences,10.1007/s40647-018-00250-2,non-open (bronze/closed),True
GHD-02698,738,49,diamond,scielo_oa_pdf,Issue Area and Pluralization In Brazilian Foreign Policy: an Exploratory Study of Decision,2023.0,Dados,10.1590/dados.2024.67.4.336,open (gold/diamond/green/hybrid),False
GHD-05069,729,57,gold,europepmc_fulltextxml,"Understanding the expectations, positions and ambitions of LMICs during pandemic treaty ne",2025.0,PLOS Global Public Health,10.1371/journal.pgph.0003851,open (gold/diamond/green/hybrid),False
GHD-01928,727,54,green,europepmc_fulltextxml,Global health diplomacy-reconstructing power and governance,2022.0,"Lancet (London, England)",10.1016/s0140-6736(22)00583-9,open (gold/diamond/green/hybrid),False
GHD-04738,724,72,diamond,europepmc_fulltextxml,The rise of India's global health diplomacy amid COVID-19 pandemic,2023.0,Health promotion perspectives,10.34172/hpp.2023.34,open (gold/diamond/green/hybrid),False
GHD-04893,705,48,gold,europepmc_fulltextxml,The World Health Organization was born as a normative agency: Seventy-five years of global,2024.0,PLOS Global Public Health,10.1371/journal.pgph.0002928,open (gold/diamond/green/hybrid),False
GHD-01955,699,58,green,ncbi_pmc_efetch,Global Health Governance at a Crossroads.,2011.0,PubMed,,open (gold/diamond/green/hybrid),False
GHD-00613,696,59,diamond,scielo_oa_pdf,BRICS and Global Health Diplomacy in the Covid-19 Pandemic: Situating BRICS’ diplomacy wit,2022.0,Revista Brasileira de Política Internacional,10.1590/0034-7329202200222,open (gold/diamond/green/hybrid),False
GHD-05051,690,52,hybrid,europepmc_fulltextxml,UNASUR Health: A quiet revolution in health diplomacy in South America,2015.0,Global social policy,10.1177/1468018115599818,open (gold/diamond/green/hybrid),False
GHD-00485,689,59,gold,europepmc_fulltextxml,Beneath the rhetoric of global justice: Reinforcement of global hegemonic governmentality ,2025.0,Globalization and health,10.1186/s12992-025-01134-3,open (gold/diamond/green/hybrid),False
GHD-02544,680,57,gold,europepmc_fulltextxml,Integrating animal welfare into the WHO pandemic treaty: a thematic analysis of civil soci,2024.0,Frontiers in Veterinary Science,10.3389/fvets.2024.1421158,open (gold/diamond/green/hybrid),False
GHD-04143,670,47,gold,europepmc_fulltextxml,"Technology transfer, intellectual property, and the fight for the soul of WHO",2024.0,PLOS Global Public Health,10.1371/journal.pgph.0003940,open (gold/diamond/green/hybrid),False
GHD-00845,668,55,diamond,scielo_oa_pdf,Chinese and Indian COVID-19 Vaccine Diplomacy during the Health Emergency Crisis,2022.0,Revista Brasileira de Política Internacional,10.1590/0034-7329202200114,open (gold/diamond/green/hybrid),False
GHD-03603,667,48,diamond,scielo_oa_pdf,Pursuing Equity: An Analysis of the Africa Group’s Positions during the Negotiations of th,2026.0,Contexto Internacional,10.1590/s0102-8529.20244603e20250076,open (gold/diamond/green/hybrid),False
GHD-04917,661,50,green,ncbi_pmc_efetch,Tobacco industry attempts to counter the World Bank report curbing the epidemic and obstru,2008.0,Social Science & Medicine,10.1016/j.socscimed.2008.09.062,open (gold/diamond/green/hybrid),False
GHD-04543,658,57,gold,europepmc_fulltextxml,The limits of global health diplomacy: Taiwan's observer status at the world health assemb,2014.0,Globalization and Health,10.1186/s12992-014-0071-y,open (gold/diamond/green/hybrid),False
GHD-03665,648,71,diamond,scielo_oa_pdf,Regional cooperation and health diplomacy in Africa: from intra-colonial exchanges to mult,2020.0,LA Referencia (Red Federada de Repositorios Institucionales de Publicaciones Científicas),10.1590/s0104-59702020000300007,open (gold/diamond/green/hybrid),False
GHD-02601,644,62,green,ncbi_pmc_efetch,"International trade versus public health during the FCTC negotiations, 1999-2003",2010.0,Tobacco Control,10.1136/tc.2009.035352,open (gold/diamond/green/hybrid),False
GHD-04918,641,60,green,platform_fetcher_pdf,Tobacco industry attempts to influence and use the German government to undermine the WHO ,2011.0,Tobacco Control,10.1136/tc.2010.042093,open (gold/diamond/green/hybrid),False
GHD-01047,624,63,hybrid,platform_fetcher_pdf,COVID-19 and Chinese Global Health Diplomacy: Geopolitical Opportunity for China’s Hegemon,2020.0,Millennial Asia,10.1177/0976399620959771,open (gold/diamond/green/hybrid),False
GHD-01055,609,72,gold,europepmc_fulltextxml,Covid-19 and Quad’s “Soft” Reorientation,2021.0,Research in Globalization,10.1016/j.resglo.2021.100069,open (gold/diamond/green/hybrid),False
GHD-01701,607,48,gold,europepmc_fulltextxml,Framing health and foreign policy: lessons for global health diplomacy,2010.0,Globalization and Health,10.1186/1744-8603-6-14,open (gold/diamond/green/hybrid),False
GHD-02717,606,42,gold,ncbi_pmc_efetch,Japan's global health engagement in the Western Pacific: diagnosing structural inertia and,2026.0,The Lancet Regional Health - Western Pacific,10.1016/j.lanwpc.2026.101921,open (gold/diamond/green/hybrid),False
GHD-01049,602,68,hybrid,europepmc_fulltextxml,COVID-19 and Global Distributive Justice: ‘Health Diplomacy’ of India and South Africa for,2022.0,Journal of Asian and African Studies,10.1177/00219096211069652,open (gold/diamond/green/hybrid),False
GHD-00270,595,65,gold,europepmc_fulltextxml,Africa’s Critical Role in Shaping and Implementing the Pandemic Agreement’s PABS Annex in ,2026.0,Globalization and Health,10.1186/s12992-026-01190-3,open (gold/diamond/green/hybrid),False
GHD-02445,585,46,gold,europepmc_fulltextxml,Independent monitoring and the new pandemic agreement,2023.0,BMJ Global Health,10.1136/bmjgh-2023-013348,open (gold/diamond/green/hybrid),False
GHD-04072,583,48,hybrid,europepmc_fulltextxml,Stretching health diplomacy beyond ‘Global’ problem solving: Bringing the regional normati,2015.0,Global Social Policy,10.1177/1468018115599820,open (gold/diamond/green/hybrid),False
GHD-00851,579,44,closed,ncbi_pmc_efetch,Chinese Global Health Diplomacy in Africa: Opportunities and Challenges.,2018.0,PubMed,,non-open (bronze/closed),True
GHD-03668,577,53,hybrid,europepmc_fulltextxml,Regional health governance: A suggested agenda for Southern African health diplomacy,2015.0,Global Social Policy,10.1177/1468018115599817,open (gold/diamond/green/hybrid),False
GHD-01093,570,72,hybrid,europepmc_fulltextxml,"COVID‐19 Vaccine, TRIPS, and Global Health Diplomacy: India’s Role at the WTO Platform",2021.0,BioMed Research International,10.1155/2021/6658070,open (gold/diamond/green/hybrid),False
GHD-03994,569,50,diamond,scielo_oa_pdf,"South-South cooperation in health: bringing in theory, politics, history, and social justi",2017.0,Cadernos de Saúde Pública,10.1590/0102-311x00194616,open (gold/diamond/green/hybrid),False
GHD-05260,564,42,hybrid,europepmc_fulltextxml,"What’s in a word? The framing of health at the regional level: ASEAN, EU, SADC and UNASUR",2015.0,Global Social Policy,10.1177/1468018115599816,open (gold/diamond/green/hybrid),False
GHD-03286,560,55,diamond,europepmc_fulltextxml,Pandemic treaty as an instrument to strengthen global health security: Global health diplo,2024.0,Health promotion perspectives,10.34172/hpp.42744,open (gold/diamond/green/hybrid),False
GHD-01591,552,35,hybrid,europepmc_fulltextxml,Exporting Socialist Health Care: Soviet Humanitarianism in the Global South,2025.0,Journal of Contemporary History,10.1177/00220094251393617,open (gold/diamond/green/hybrid),False
GHD-00600,551,37,diamond,scielo_oa_pdf,BRAZILIAN FOREIGN POLICY IN HEALTH DURING DILMA ROUSSEFF'S ADMINISTRATION (2011-2014),2016.0,Lua Nova Revista de Cultura e Política,10.1590/0102-6445171-197/98,open (gold/diamond/green/hybrid),False
GHD-03993,549,44,diamond,scielo_oa_pdf,South-South Cooperation: Brazilian experiences in South America and Africa,2015.0,História Ciências Saúde-Manguinhos,10.1590/s0104-59702015000100003,open (gold/diamond/green/hybrid),False
GHD-03307,544,46,gold,europepmc_fulltextxml,"Past Fame, Present Frames and Future Flagship? An Exploration of How Health is Positioned ",2012.0,Administrative Sciences,10.3390/admsci2020162,open (gold/diamond/green/hybrid),False
GHD-03925,541,45,gold,europepmc_fulltextxml,Sharing the British National Health Service around the world: a self-interested perspectiv,2013.0,Globalization and Health,10.1186/1744-8603-9-51,open (gold/diamond/green/hybrid),False
GHD-01833,537,43,hybrid,europepmc_fulltextxml,Global Health and Foreign Policy,2010.0,Epidemiologic Reviews,10.1093/epirev/mxq006,open (gold/diamond/green/hybrid),False
GHD-05061,537,42,gold,europepmc_fulltextxml,Understanding how and why health is integrated into foreign policy - a case study of healt,2013.0,Globalization and health,10.1186/1744-8603-9-24,open (gold/diamond/green/hybrid),False
GHD-00048,536,50,gold,platform_fetcher_pdf,A África diante das emergências internacionais de saúde: de palco de securitização e negli,2025.0,,10.11606/t.6.2025.tde-17112025-163726,open (gold/diamond/green/hybrid),False
GHD-05062,524,33,gold,europepmc_fulltextxml,Understanding how domestic health policy is integrated into foreign policy in South Africa,2017.0,Global health action,10.1080/16549716.2017.1339533,open (gold/diamond/green/hybrid),False
GHD-04243,524,36,gold,europepmc_fulltextxml,The Code of Practice and its enduring relevance in Europe and Eastern and Southern Africa,2016.0,Human resources for health,10.1186/s12960-016-0122-y,open (gold/diamond/green/hybrid),False
GHD-03374,523,45,gold,europepmc_fulltextxml,Perspectives on Strengthening Cancer Research and Control in Latin America Through Partner,2018.0,Journal of Global Oncology,10.1200/jgo.17.00149,open (gold/diamond/green/hybrid),False
GHD-00802,521,41,bronze,europepmc_fulltextxml,"China's ""Weaponized"" Vaccine: Intertwining Between International and Domestic Politics",2022.0,"East Asia (Piscataway, N.J.)",10.1007/s12140-021-09382-x,non-open (bronze/closed),True
GHD-02732,521,31,diamond,europepmc_fulltextxml,"José Roberto Ferreira: an intermediary between international health and global health, 195",2025.0,História Ciências Saúde-Manguinhos,10.1590/s0104-59702025000100017en,open (gold/diamond/green/hybrid),False
GHD-00840,519,49,gold,europepmc_fulltextxml,China’s Vaccine Diplomacy and Its Implications for Global Health Governance,2022.0,Healthcare,10.3390/healthcare10071276,open (gold/diamond/green/hybrid),False
GHD-02101,516,62,diamond,scielo_oa_pdf,Health and development in BRICS countries,2014.0,Saúde e Sociedade,10.1590/s0104-12902014000200004,open (gold/diamond/green/hybrid),False
GHD-03675,510,46,gold,europepmc_fulltextxml,Reimagining diaspora diplomacy during the COVID-19 crisis in India,2022.0,International Health,10.1093/inthealth/ihac019,open (gold/diamond/green/hybrid),False
GHD-03478,508,38,green,europepmc_fulltextxml,Power Shifts in Global Health Diplomacy and New Models of Development: South–South Coopera,2012.0,Global health diplomacy,10.1007/978-1-4614-5401-4_21,open (gold/diamond/green/hybrid),False
GHD-00245,491,29,gold,europepmc_fulltextxml,Addressing the impact of economic sanctions on Iranian drug shortages in the joint compreh,2016.0,Globalization and health,10.1186/s12992-016-0168-6,open (gold/diamond/green/hybrid),False
GHD-00669,489,54,hybrid,europepmc_fulltextxml,Can geopolitics derail the pandemic treaty?,2021.0,BMJ,10.1136/bmj-2021-069129,open (gold/diamond/green/hybrid),False
GHD-04690,487,30,bronze,europepmc_fulltextxml,The Process and Practice of Negotiation,2012.0,Global health diplomacy,10.1007/978-1-4614-5401-4_6,non-open (bronze/closed),True
GHD-02012,483,39,gold,europepmc_fulltextxml,Global Surgery as an emerging discipline: Why it thrives despite barriers—And what must ha,2026.0,PLOS Global Public Health,10.1371/journal.pgph.0006025,open (gold/diamond/green/hybrid),False
GHD-00934,480,62,hybrid,europepmc_fulltextxml,Competing Responses to Global Inequalities in Access to COVID Vaccines: Vaccine Diplomacy ,2022.0,Clinical Infectious Diseases,10.1093/cid/ciac361,open (gold/diamond/green/hybrid),False
GHD-04076,477,31,gold,europepmc_fulltextxml,Study on major legal issues and solutions in pandemic treaty negotiations,2024.0,Frontiers in Public Health,10.3389/fpubh.2024.1413036,open (gold/diamond/green/hybrid),False
GHD-01152,477,31,green,europepmc_fulltextxml,Current and Future Issues in Global Health Diplomacy,2012.0,Global health diplomacy,10.1007/978-1-4614-5401-4_3,open (gold/diamond/green/hybrid),False
GHD-00592,471,68,gold,europepmc_fulltextxml,Brazil and the Framework Convention on Tobacco Control: Global Health Diplomacy as Soft Po,2010.0,PLoS Medicine,10.1371/journal.pmed.1000232,open (gold/diamond/green/hybrid),False
GHD-02276,458,41,bronze,platform_fetcher_pdf,"Health, security and foreign policy",2006.0,Review of International Studies,10.1017/s0260210506006905,non-open (bronze/closed),True
GHD-04915,456,36,bronze,ncbi_pmc_efetch,"Tobacco control, global health policy and development: towards policy coherence in global ",2012.0,Tobacco Control,10.1136/tobaccocontrol-2011-050418,non-open (bronze/closed),True
GHD-00760,444,30,closed,europepmc_fulltextxml,China in the Fight Against the Ebola Crisis: Human Security Perspectives,2018.0,,10.1007/978-3-319-95240-6_8,non-open (bronze/closed),True
GHD-00974,444,30,gold,europepmc_fulltextxml,Constructing national identity in public health crises: a comparative DHA study of China a,2025.0,Frontiers in Public Health,10.3389/fpubh.2025.1688483,open (gold/diamond/green/hybrid),False
GHD-00607,432,39,diamond,scielo_oa_pdf,Brazil’s foreign policy and health (1995-2010): A policy analysis of the Brazilian health ,2023.0,Saúde em Debate,10.1590/0103-1104202313601i,open (gold/diamond/green/hybrid),False
GHD-02196,425,36,bronze,platform_fetcher_pdf,Health Diplomacy in Pandemical Times,2020.0,International Organization,10.1017/s0020818320000326,non-open (bronze/closed),True
GHD-01911,424,53,gold,europepmc_fulltextxml,Global Health diplomacy for noncommunicable diseases prevention and control: a systematic ,2020.0,Globalization and Health,10.1186/s12992-020-00572-5,open (gold/diamond/green/hybrid),False
GHD-00798,423,29,gold,europepmc_fulltextxml,China's Response to the 2014 Ebola Outbreak in West Africa,2017.0,Global Challenges,10.1002/gch2.201600001,open (gold/diamond/green/hybrid),False
GHD-01471,422,35,gold,europepmc_fulltextxml,Enhancing global health diplomacy for non-communicable diseases: application of the global,2023.0,Globalization and Health,10.1186/s12992-023-00944-7,open (gold/diamond/green/hybrid),False
GHD-00795,422,46,green,europepmc_fulltextxml,China's position in negotiating the Framework Convention on Tobacco Control and the revise,2014.0,Public health,10.1016/j.puhe.2013.08.003,open (gold/diamond/green/hybrid),False
GHD-04588,420,40,green,europepmc_fulltextxml,The New Dynamics of Global Health Governance,2012.0,Global Health Diplomacy,10.1007/978-1-4614-5401-4_5,open (gold/diamond/green/hybrid),False
GHD-00753,415,30,gold,europepmc_fulltextxml,"China and the WHO pandemic treaty: a dive into stance, underpinnings, and implications",2024.0,Frontiers in Public Health,10.3389/fpubh.2024.1335751,open (gold/diamond/green/hybrid),False
GHD-01828,413,32,diamond,scielo_oa_pdf,Global health and Brazilian foreign policy: the negotiations on innovation and intellectua,2017.0,Ciencia & saude coletiva,10.1590/1413-81232017227.02652017,open (gold/diamond/green/hybrid),False
GHD-00697,407,35,hybrid,europepmc_fulltextxml,Capacity building for global health diplomacy: Thailand’s experience of trade and health,2014.0,Health Policy and Planning,10.1093/heapol/czu117,open (gold/diamond/green/hybrid),False
GHD-00516,404,26,gold,europepmc_fulltextxml,Bilateral health agreements of South Africa: an analysis of issues covered,2024.0,Health Policy and Planning,10.1093/heapol/czae038,open (gold/diamond/green/hybrid),False
GHD-03730,403,41,gold,europepmc_fulltextxml,Responding to the public health consequences of the Ukraine crisis: an opportunity for glo,2015.0,Journal of the International AIDS Society,10.7448/ias.18.1.19410,open (gold/diamond/green/hybrid),False
GHD-05159,403,72,gold,europepmc_fulltextxml,“Vaccine Diplomacy”: Historical Perspectives and Future Directions,2014.0,PLoS neglected tropical diseases,10.1371/journal.pntd.0002808,open (gold/diamond/green/hybrid),False
GHD-00997,400,23,gold,europepmc_fulltextxml,Control of antimicrobial resistance in Iran: the role of international factors,2020.0,BMC public health,10.1186/s12889-020-09006-8,open (gold/diamond/green/hybrid),False
GHD-00745,397,42,gold,europepmc_fulltextxml,China-Africa Health Development Initiatives: Benefits and Implications for Shaping Innovat,2016.0,International journal of MCH and AIDS,10.21106/ijma.100,open (gold/diamond/green/hybrid),False
GHD-04452,393,31,bronze,platform_fetcher_pdf,The Growing Impact of Globalization for Health and Public Health Practice,2011.0,Annual Review of Public Health,10.1146/annurev-publhealth-031210-101225,non-open (bronze/closed),True
GHD-00488,390,22,gold,europepmc_fulltextxml,Between a B.A. Generalist and an Expert: Challenges and Improvements in the Training Curri,2025.0,Korean Journal of Medical History,10.13081/kjmh.2025.34.121,open (gold/diamond/green/hybrid),False
GHD-00813,389,42,hybrid,platform_fetcher_pdf,China’s diplomacy and changing the COVID-19 narrative,2020.0,International Journal Canada s Journal of Global Policy Analysis,10.1177/0020702020930054,open (gold/diamond/green/hybrid),False
GHD-02017,389,50,diamond,europepmc_fulltextxml,Global vaccine inequities and multilateralism amid COVID-19: Reconnaissance of Global Heal,2022.0,Health promotion perspectives,10.34172/hpp.2022.41,open (gold/diamond/green/hybrid),False
GHD-04732,387,33,gold,europepmc_fulltextxml,The rise and fall of global health issues: an arenas model applied to the COVID-19 pandemi,2021.0,Globalization and health,10.1186/s12992-021-00691-7,open (gold/diamond/green/hybrid),False
GHD-00874,384,29,gold,europepmc_fulltextxml,Civil society in global health policymaking: a critical review,2018.0,Globalization and health,10.1186/s12992-018-0393-2,open (gold/diamond/green/hybrid),False
GHD-01900,384,36,diamond,europepmc_fulltextxml,Global health diplomacy at the intersection of trade and health in the COVID-19 era,2021.0,Health Promotion Perspectives,10.34172/hpp.2021.01,open (gold/diamond/green/hybrid),False
GHD-05308,384,23,gold,europepmc_fulltextxml,Why ‘elevating country voice’ is not decolonizing global health: A frame analysis of in-de,2023.0,PLOS Global Public Health,10.1371/journal.pgph.0001365,open (gold/diamond/green/hybrid),False
GHD-03421,382,29,diamond,europepmc_fulltextxml,Political Prioritization of Access to Medicines and Right to Health: Need for an Effective,2024.0,International Journal of Health Policy and Management,10.34172/ijhpm.8578,open (gold/diamond/green/hybrid),False
GHD-03460,381,28,bronze,europepmc_fulltextxml,Post-covid China: ‘vaccine diplomacy’ and the new developments of Chinese foreign policy,2022.0,Place Branding and Public Diplomacy,10.1057/s41254-022-00266-2,non-open (bronze/closed),True
GHD-04101,378,19,gold,europepmc_fulltextxml,"Synergies and fragmentation in country level policy and program agenda setting, formulatio",2021.0,BMC health services research,10.1186/s12913-021-06500-6,open (gold/diamond/green/hybrid),False
GHD-04421,365,22,bronze,europepmc_fulltextxml,The G8/G20 and Global Health Governance: Extended Fragmentation or a New Hub of Coordinati,2012.0,Global health diplomacy,10.1007/978-1-4614-5401-4_17,non-open (bronze/closed),True
GHD-03965,362,31,green,europepmc_fulltextxml,Social network-based ethical analysis of COVID-19 vaccine supply policy in three Central A,2021.0,Research Square,10.21203/rs.3.rs-745691/v1,open (gold/diamond/green/hybrid),False
GHD-01912,361,25,bronze,europepmc_fulltextxml,Global health diplomacy for obesity prevention: lessons from tobacco control,2010.0,Journal of public health policy,10.1057/jphp.2010.4,non-open (bronze/closed),True
GHD-02042,359,23,hybrid,europepmc_fulltextxml,Governing and Measuring Health Security: The Global Push for Pandemic Preparedness Indicat,2022.0,Global Policy,10.1111/1758-5899.13090,open (gold/diamond/green/hybrid),False
GHD-03520,359,23,diamond,europepmc_fulltextxml,Prioritizing ‘equity’ in COVID-19 vaccine distribution through Global Health Diplomacy,2021.0,Health Promotion Perspectives,10.34172/hpp.2021.36,open (gold/diamond/green/hybrid),False
GHD-00400,357,22,gold,europepmc_fulltextxml,Applied global health diplomacy: profile of health diplomats accredited to the UNITED STAT,2018.0,Globalization and health,10.1186/s12992-017-0316-7,open (gold/diamond/green/hybrid),False
GHD-03076,357,27,gold,europepmc_fulltextxml,Negating neglect: social scientific contributions on Neglected Tropical Diseases and globa,2026.0,International Journal for Equity in Health,10.1186/s12939-026-02824-z,open (gold/diamond/green/hybrid),False
GHD-00202,355,21,gold,platform_fetcher_pdf,About Face: How the People’s Republic of China Harnessed Health to Leverage Soft Power on ,2022.0,Frontiers in Human Dynamics,10.3389/fhumd.2021.774765,open (gold/diamond/green/hybrid),False
GHD-03277,354,32,hybrid,europepmc_fulltextxml,Pandemic diplomacy and patron–client relations in Sino-Serbian cooperation,2023.0,China Information,10.1177/0920203x231155148,open (gold/diamond/green/hybrid),False
GHD-04446,351,27,green,europepmc_fulltextxml,The governance of standard-setting to improve health.,2010.0,PubMed,,open (gold/diamond/green/hybrid),False
GHD-03543,351,26,gold,europepmc_fulltextxml,Promoting Scientific Transparency to Facilitate the Safe and Open International Exchange o,2017.0,Tropical Medicine and Infectious Disease,10.3390/tropicalmed2040057,open (gold/diamond/green/hybrid),False
GHD-00776,346,23,gold,europepmc_fulltextxml,China's Engagement with Global Health Diplomacy: Was SARS a Watershed?,2010.0,PLoS Medicine,10.1371/journal.pmed.1000266,open (gold/diamond/green/hybrid),False
GHD-04558,345,26,diamond,scielo_oa_pdf,The Mexican Experience of the NAPAPI Revision Process,2016.0,Contexto Internacional,10.1590/s0102-8529.2016380100006,open (gold/diamond/green/hybrid),False
GHD-02526,344,39,diamond,europepmc_fulltextxml,"Influenza Virus Samples, International Law, and Global Health Diplomacy",2008.0,Emerging infectious diseases,10.3201/eid1401.070700,open (gold/diamond/green/hybrid),False
GHD-03434,340,34,diamond,europepmc_fulltextxml,Politics of disease control in Africa and the critical role of global health diplomacy: A ,2021.0,Health promotion perspectives,10.34172/hpp.2021.04,open (gold/diamond/green/hybrid),False
GHD-04996,340,33,hybrid,europepmc_fulltextxml,Triggers for treaty negotiations: could lessons from environmental protection inform a pro,2021.0,BMJ,10.1136/bmj-2021-068903,open (gold/diamond/green/hybrid),False
GHD-04444,340,31,diamond,scielo_oa_pdf,"The “Good Neighbor Policy for yellow fever”: Cold War, the Aedes aegypti Eradication Progr",2022.0,História (São Paulo),10.1590/1980-4369e2022026,open (gold/diamond/green/hybrid),False
GHD-04900,337,22,green,ncbi_pmc_efetch,Three Eras in Global Tobacco Control: How Global Governance Processes Influenced Online To,2016.0,PubMed,,open (gold/diamond/green/hybrid),False
GHD-00144,336,37,gold,europepmc_fulltextxml,"A pandemic treaty, revised international health regulations, or both?",2021.0,Globalization and health,10.1186/s12992-021-00779-0,open (gold/diamond/green/hybrid),False
GHD-03886,336,46,hybrid,europepmc_fulltextxml,"<scp>COVID</scp>‐19 pandemic, vaccine nationalism and counterfeit products: Discourse and ",2022.0,Thunderbird International Business Review,10.1002/tie.22302,open (gold/diamond/green/hybrid),False
GHD-03000,336,32,bronze,europepmc_fulltextxml,Mixed response to COVID-19 intellectual property waiver,2022.0,The Lancet,10.1016/s0140-6736(22)00610-9,non-open (bronze/closed),True
GHD-03167,334,24,gold,europepmc_fulltextxml,Norm diffusion in global health governance: the role of think tanks,2025.0,BMJ Global Health,10.1136/bmjgh-2024-017321,open (gold/diamond/green/hybrid),False
GHD-00623,333,21,diamond,europepmc_fulltextxml,Bridging international borders through global health diplomacy: A comprehensive bibliometr,2025.0,Health promotion perspectives,10.34172/hpp.025.44650,open (gold/diamond/green/hybrid),False
GHD-01068,331,32,gold,europepmc_fulltextxml,COVID-19 Pandemic as an Excellent Opportunity for Global Health Diplomacy,2021.0,Frontiers in Public Health,10.3389/fpubh.2021.655021,open (gold/diamond/green/hybrid),False
GHD-01920,330,31,gold,europepmc_fulltextxml,Global health diplomacy in Mexico: insights from key actors in the field,2021.0,Globalization and Health,10.1186/s12992-021-00789-y,open (gold/diamond/green/hybrid),False
GHD-00255,327,26,diamond,ncbi_pmc_efetch,Advancing Health Equity through ‘One World for Health’: Insights from the Seventy-Eighth W,2026.0,Health Promotion Perspectives,10.34172/hpp.45247,open (gold/diamond/green/hybrid),False
GHD-00450,324,31,hybrid,europepmc_fulltextxml,Australia's international health relations in 2003,2005.0,Australia and New Zealand Health Policy,10.1071/hp050203,open (gold/diamond/green/hybrid),False
GHD-05112,319,19,gold,europepmc_fulltextxml,US new playbook for global health: balancing national interest and global responsibility,2026.0,BMJ global health,10.1136/bmjgh-2025-022235,open (gold/diamond/green/hybrid),False
GHD-00718,319,26,gold,europepmc_fulltextxml,Challenges and opportunities for Iranian global health diplomacy: lessons learned from act,2021.0,Health Research Policy and Systems,10.1186/s12961-021-00800-3,open (gold/diamond/green/hybrid),False
GHD-05119,317,34,hybrid,europepmc_fulltextxml,USA’s exit from the WHO and freeze on USAID funds globally: its perils and possible opport,2025.0,Journal of Public Health,10.1093/pubmed/fdaf122,open (gold/diamond/green/hybrid),False
GHD-00355,317,19,diamond,scielo_oa_pdf,Análise dos principais desafios e entraves para a cooperação técnica internacional em saúd,2017.0,Ciência & Saúde Coletiva,10.1590/1413-81232017227.03502017,open (gold/diamond/green/hybrid),False
GHD-01265,312,28,green,europepmc_fulltextxml,Diplomacy and Global Health Security,2012.0,Global health diplomacy,10.1007/978-1-4614-5401-4_9,open (gold/diamond/green/hybrid),False
GHD-00079,311,28,diamond,scielo_oa_pdf,A Convenção-Quadro para o Controle do Tabaco da Organização mundial da Saúde na agenda pol,2017.0,Cadernos de Saúde Pública,10.1590/0102-311x00121016,open (gold/diamond/green/hybrid),False
GHD-04830,308,25,gold,europepmc_fulltextxml,The U.S. Global Gag Rule in Ethiopia: a foreign policy challenging domestic sexual and rep,2022.0,Reproductive Health,10.1186/s12978-022-01329-6,open (gold/diamond/green/hybrid),False
GHD-04420,308,28,diamond,europepmc_fulltextxml,"The G7 presidency and universal health coverage, Japan's contribution",2018.0,Bulletin of the World Health Organization,10.2471/blt.17.200402,open (gold/diamond/green/hybrid),False
GHD-05263,307,26,gold,europepmc_fulltextxml,When one size does not fit all – New Zealand perspectives on the International Health Regu,2025.0,Globalization and Health,10.1186/s12992-025-01160-1,open (gold/diamond/green/hybrid),False
GHD-03447,306,28,diamond,europepmc_fulltextxml,Port of Spain Summit Declaration as a successful outcome of global health diplomacy in the,2019.0,Health promotion perspectives,10.15171/hpp.2019.25,open (gold/diamond/green/hybrid),False
GHD-02340,301,21,diamond,europepmc_fulltextxml,"How the U.S. presidential election impacts global health: governance, funding, and beyond",2024.0,Global Health Research and Policy,10.1186/s41256-024-00391-w,open (gold/diamond/green/hybrid),False
GHD-01634,299,30,bronze,ncbi_pmc_efetch,Fighting Novel Diseases amidst Humanitarian Crises,2019.0,The Hastings Center Report,10.1002/hast.970,non-open (bronze/closed),False
GHD-03083,295,38,gold,europepmc_fulltextxml,Negotiating Equitable Access to Influenza Vaccines: Global Health Diplomacy and the Contro,2010.0,PLoS Medicine,10.1371/journal.pmed.1000247,open (gold/diamond/green/hybrid),False
GHD-01470,295,29,gold,europepmc_fulltextxml,Enhancing cultural sensitivity in the implementation of the Fertility Quality of Life Tool,2024.0,Frontiers in public health,10.3389/fpubh.2024.1375643,open (gold/diamond/green/hybrid),False
GHD-01184,293,22,gold,europepmc_fulltextxml,Decolonizing global health in an age of fragmentation: reimagining equity for universal he,2025.0,Health Policy and Planning,10.1093/heapol/czaf109,open (gold/diamond/green/hybrid),False
GHD-03966,292,21,gold,europepmc_fulltextxml,Social network-based ethical analysis of COVID-19 vaccine supply policy in three Central A,2022.0,BMC medical ethics,10.1186/s12910-022-00764-1,open (gold/diamond/green/hybrid),False
GHD-02424,288,15,closed,ncbi_pmc_efetch,Improving health services for African migrants in China: A health diplomacy perspective,2014.0,Global Public Health,10.1080/17441692.2014.908935,non-open (bronze/closed),False
GHD-00227,288,18,gold,europepmc_fulltextxml,"Achieving the end game: employing ""vaccine diplomacy"" to eradicate polio in Pakistan",2019.0,BMC public health,10.1186/s12889-019-6393-1,open (gold/diamond/green/hybrid),False
GHD-05253,287,49,hybrid,europepmc_fulltextxml,What next for a COVID-19 intellectual property waiver?,2021.0,The Lancet,10.1016/s0140-6736(21)01151-x,open (gold/diamond/green/hybrid),False
GHD-03851,287,23,hybrid,europepmc_fulltextxml,Science and Society: Pathways to Equitable Access and Delivery of Genomics Medicine in Afr,2025.0,Current genetic medicine reports,10.1007/s40142-024-00211-0,open (gold/diamond/green/hybrid),False
GHD-01643,286,25,diamond,scielo_oa_pdf,Fiocruz as an actor in Brazilian foreign relations in the context of the Community of Port,2015.0,História Ciências Saúde-Manguinhos,10.1590/s0104-59702015000100009,open (gold/diamond/green/hybrid),False
GHD-02894,285,31,gold,europepmc_fulltextxml,Mapping capacity building programs in health diplomacy: Relevance and application in an un,2023.0,F1000Research,10.12688/f1000research.134689.1,open (gold/diamond/green/hybrid),False
GHD-03435,283,38,gold,europepmc_fulltextxml,Politics of Ebola and the critical role of global health diplomacy for the CARICOM,2017.0,Journal of Family Medicine and Primary Care,10.4103/jfmpc.jfmpc_75_17,open (gold/diamond/green/hybrid),False
GHD-04571,280,15,gold,europepmc_fulltextxml,The Mutual Influence of the World Health Organization (WHO) and Twitter Users During COVID,2022.0,Journal of medical Internet research,10.2196/34321,open (gold/diamond/green/hybrid),False
GHD-01077,279,28,gold,europepmc_fulltextxml,COVID-19: The World Community Expects the World Health Organization to Play a Stronger Lea,2020.0,Frontiers in Public Health,10.3389/fpubh.2020.00470,open (gold/diamond/green/hybrid),False
GHD-00222,277,48,diamond,europepmc_fulltextxml,Access to medicines through global health diplomacy,2023.0,Health Promotion Perspectives,10.34172/hpp.2023.05,open (gold/diamond/green/hybrid),False
GHD-03798,274,25,gold,europepmc_fulltextxml,Role of vaccine science diplomacy in low-middle-income countries for eradicating the vacci,2021.0,Journal of Family Medicine and Primary Care,10.4103/jfmpc.jfmpc_2253_20,open (gold/diamond/green/hybrid),False
GHD-04069,274,17,diamond,europepmc_fulltextxml,"Strengthening the COVID-19 pandemic response, global leadership, and international coopera",2020.0,Health Promotion Perspectives,10.34172/hpp.2020.48,open (gold/diamond/green/hybrid),False
GHD-01185,270,32,gold,europepmc_fulltextxml,Decolonizing Science Diplomacy: A Case Study of the Dominican Republic’s COVID-19 Response,2021.0,Frontiers in Research Metrics and Analytics,10.3389/frma.2021.637187,open (gold/diamond/green/hybrid),False
GHD-00818,269,22,gold,europepmc_fulltextxml,China’s global health diplomacy through the World Health Organization: a qualitative study,2026.0,Globalization and Health,10.1186/s12992-025-01165-w,open (gold/diamond/green/hybrid),False
GHD-05282,268,28,gold,europepmc_fulltextxml,WHO FCTC: How we got here and where we are going,2025.0,Tobacco Induced Diseases,10.18332/tid/203569,open (gold/diamond/green/hybrid),False
GHD-01847,264,33,gold,europepmc_fulltextxml,"Global Health and Peace: The Elusive Path with a Focus on Palestine, Ukraine, and Venezuel",2024.0,Risk Management and Healthcare Policy,10.2147/rmhp.s483791,open (gold/diamond/green/hybrid),False
GHD-00741,264,26,gold,europepmc_fulltextxml,Chile's role in global health diplomacy: a narrative literature review,2018.0,Globalization and health,10.1186/s12992-018-0428-8,open (gold/diamond/green/hybrid),False
GHD-03169,264,16,gold,europepmc_fulltextxml,Normative convergence between global health security and universal health coverage: a qual,2025.0,Globalization and health,10.1186/s12992-025-01099-3,open (gold/diamond/green/hybrid),False
GHD-02295,263,24,gold,europepmc_fulltextxml,Healthcare workers' freedom of movement in times of pandemics: an emerging norm of customa,2023.0,Globalization and health,10.1186/s12992-023-00985-y,open (gold/diamond/green/hybrid),False
GHD-01445,262,18,gold,europepmc_fulltextxml,Emergent patterns in global health diplomacy: a network analysis of the resolutions adopte,2023.0,BMJ Global Health,10.1136/bmjgh-2022-011211,open (gold/diamond/green/hybrid),False
GHD-01005,260,27,diamond,scielo_oa_pdf,Cooperação internacional em saúde do Brasil na era do SUS,2018.0,Ciência & Saúde Coletiva,10.1590/1413-81232018236.05172018,open (gold/diamond/green/hybrid),False
GHD-00391,260,17,gold,europepmc_fulltextxml,Antimicrobial resistance surveillance in the AFHSC-GEIS network,2011.0,BMC Public Health,10.1186/1471-2458-11-s2-s8,open (gold/diamond/green/hybrid),False
GHD-01879,258,32,diamond,europepmc_fulltextxml,Global health diplomacy: advancing foreign policy and global health interests,2013.0,Global Health Science and Practice,10.9745/ghsp-d-12-00048,open (gold/diamond/green/hybrid),False
GHD-01020,258,21,gold,europepmc_fulltextxml,Cosmopolitanism and foreign policy for health: ethics for and beyond the state,2013.0,BMC international health and human rights,10.1186/1472-698x-13-29,open (gold/diamond/green/hybrid),False
GHD-00935,254,22,gold,europepmc_fulltextxml,Competing Theories on Global and Regional Vaccine Inequities: A Scoping Literature Review ,2025.0,Vaccines,10.3390/vaccines13121254,open (gold/diamond/green/hybrid),False
GHD-01399,252,19,hybrid,europepmc_fulltextxml,Editorial: The 2025 World Health Assembly Pandemic Agreement and the 2024 Amendments to th,2025.0,Medical Science Monitor,10.12659/msm.950411,open (gold/diamond/green/hybrid),False
GHD-01818,240,49,gold,europepmc_fulltextxml,Global governance for pandemic prevention and the wildlife trade,2023.0,The Lancet Planetary Health,10.1016/s2542-5196(23)00029-3,open (gold/diamond/green/hybrid),False
GHD-00143,240,15,gold,europepmc_fulltextxml,A pandemic treaty for equitable global access to medical countermeasures: seven recommenda,2022.0,BMJ Global Health,10.1136/bmjgh-2022-009709,open (gold/diamond/green/hybrid),False
GHD-02216,240,14,gold,europepmc_fulltextxml,"Health diplomacy training, pedagogical approaches, and skills assessment: a scoping review",2025.0,Frontiers in public health,10.3389/fpubh.2025.1729728,open (gold/diamond/green/hybrid),False
GHD-01191,240,13,gold,europepmc_fulltextxml,Defining Global Health Diplomacy: Assessing United States Global Health Diplomacy actors’ ,2026.0,PLOS Global Public Health,10.1371/journal.pgph.0005422,open (gold/diamond/green/hybrid),False
GHD-01882,240,22,bronze,europepmc_fulltextxml,Global health diplomacy: an integrative review of the literature and implications for nurs,2013.0,Nursing outlook,10.1016/j.outlook.2012.07.013,non-open (bronze/closed),False
GHD-04813,240,14,gold,europepmc_fulltextxml,"The Submissive Relationship of Public Health to Government, Politics, and Economics: How G",2020.0,International Journal of Environmental Research and Public Health,10.3390/ijerph17041420,open (gold/diamond/green/hybrid),False
GHD-00129,238,14,gold,europepmc_fulltextxml,A multi-step analysis and co-produced principles to support equitable partnership with Liv,2024.0,PLOS Global Public Health,10.1371/journal.pgph.0002091,open (gold/diamond/green/hybrid),False
GHD-02796,237,17,gold,europepmc_fulltextxml,Learning from failure: Simulating pandemic agreement negotiations in a global health class,2025.0,PLOS Global Public Health,10.1371/journal.pgph.0003661,open (gold/diamond/green/hybrid),False
GHD-01416,237,18,gold,europepmc_fulltextxml,Effects of economic sanctions on cancer care for patients in Iran: a qualitative study,2025.0,BMC health services research,10.1186/s12913-025-12501-6,open (gold/diamond/green/hybrid),False
GHD-00899,236,23,closed,ncbi_pmc_efetch,Coding communications across time: Documenting changes in interaction patterns across adop,2017.0,Network science (Cambridge University Press),10.1017/nws.2017.28,non-open (bronze/closed),False
GHD-04210,235,16,gold,europepmc_fulltextxml,The burgeoning role of global health diplomacy to alleviate suffering of cancer patients i,2020.0,International Health,10.1093/inthealth/ihaa004,open (gold/diamond/green/hybrid),False
GHD-00246,234,16,gold,europepmc_fulltextxml,Addressing the interdependencies: the role of global health diplomacy in designing One Hea,2026.0,Science in One Health,10.1016/j.soh.2026.100161,open (gold/diamond/green/hybrid),False
GHD-00403,230,15,diamond,europepmc_fulltextxml,Applying a Power Analysis to Everything We Do: A Qualitative Inquiry to Decolonize the Glo,2023.0,"Global health, science and practice",10.9745/ghsp-d-23-00187,open (gold/diamond/green/hybrid),False
GHD-02194,228,21,gold,europepmc_fulltextxml,"Health Diplomacy in Africa: Prospects, Obstacles, and the Way Ahead",2026.0,Public Health Challenges,10.1002/puh2.70245,open (gold/diamond/green/hybrid),False
GHD-01320,227,11,gold,europepmc_fulltextxml,Does It Matter to Establish a Strategic Partnership for COVID-19 Prevention and Control? T,2022.0,Frontiers in Public Health,10.3389/fpubh.2022.894816,open (gold/diamond/green/hybrid),False
GHD-00928,224,17,gold,europepmc_fulltextxml,Comparing priority received by global health issues: a measurement framework applied to tu,2024.0,BMJ global health,10.1136/bmjgh-2023-014884,open (gold/diamond/green/hybrid),False
GHD-03243,220,42,gold,europepmc_fulltextxml,Opportunities and challenges of global health diplomacy for prevention and control of nonc,2021.0,BMC Health Services Research,10.1186/s12913-021-07240-3,open (gold/diamond/green/hybrid),False
GHD-01085,216,18,gold,europepmc_fulltextxml,COVID-19 Vaccine Donations-Vaccine Empathy or Vaccine Diplomacy? A Narrative Literature Re,2021.0,Vaccines,10.3390/vaccines9091024,open (gold/diamond/green/hybrid),False
GHD-02326,216,18,gold,europepmc_fulltextxml,How health can make a contribution to peace in Africa: WHO’s Global Health for Peace Initi,2022.0,BMJ Global Health,10.1136/bmjgh-2022-009342,open (gold/diamond/green/hybrid),False
GHD-00412,216,34,gold,europepmc_fulltextxml,Are national policies on global health in fact national policies on global health governan,2017.0,BMJ global health,10.1136/bmjgh-2016-000120,open (gold/diamond/green/hybrid),False
GHD-00124,215,11,gold,europepmc_fulltextxml,A missing piece in the Health for Peace agenda: gender diverse leadership and governance,2022.0,BMJ Global Health,10.1136/bmjgh-2021-007742,open (gold/diamond/green/hybrid),False
GHD-01737,213,12,gold,europepmc_fulltextxml,From SARS to Avian Influenza: The Role of International Factors in China's Approach to Inf,2016.0,Annals of global health,10.1016/j.aogh.2016.01.024,open (gold/diamond/green/hybrid),False
GHD-01293,213,17,diamond,europepmc_fulltextxml,Diplomatic roles of regional coordinators for WHO Member States,2026.0,Bulletin of the World Health Organization,10.2471/blt.25.294847,open (gold/diamond/green/hybrid),False
GHD-01349,210,12,gold,europepmc_fulltextxml,Early impacts of the PEPFAR stop‐work order: a rapid assessment,2025.0,Journal of the International AIDS Society,10.1002/jia2.26423,open (gold/diamond/green/hybrid),False
GHD-04659,210,29,gold,europepmc_fulltextxml,The politics of health systems policies during COVID-19: reflections on experiences from L,2024.0,International Journal for Equity in Health,10.1186/s12939-024-02306-0,open (gold/diamond/green/hybrid),False
GHD-04284,208,13,bronze,europepmc_fulltextxml,The Cuba–United States Thaw: Building Bridges Through Science and Global Health,2017.0,American Journal of Tropical Medicine and Hygiene,10.4269/ajtmh.17-0136,non-open (bronze/closed),False
GHD-02171,206,22,gold,europepmc_fulltextxml,Health Diplomacy and the Enduring Relevance of Foreign Policy Interests,2010.0,PLoS Medicine,10.1371/journal.pmed.1000226,open (gold/diamond/green/hybrid),False
GHD-00313,206,21,diamond,europepmc_fulltextxml,American Mock World Health Organization: An Innovative Model for Student Engagement in Glo,2017.0,Global Health Science and Practice,10.9745/ghsp-d-16-00138,open (gold/diamond/green/hybrid),False
GHD-01917,199,11,gold,europepmc_fulltextxml,Global health diplomacy in chronic humanitarian contexts like Palestine: a persistent blin,2025.0,BMJ Global Health,10.1136/bmjgh-2024-018308,open (gold/diamond/green/hybrid),False
GHD-03470,199,10,gold,europepmc_fulltextxml,Power dynamics and health initiative design as determinants of peacebuilding: a case study,2022.0,BMJ Global Health,10.1136/bmjgh-2021-007745,open (gold/diamond/green/hybrid),False
GHD-05053,196,14,bronze,europepmc_fulltextxml,Uncertainties over EU COVID-19 vaccine sharing scheme,2021.0,The Lancet,10.1016/s0140-6736(21)00721-2,non-open (bronze/closed),False
GHD-00586,196,12,diamond,ncbi_pmc_efetch,Brain health INnovation Diplomacy: a model binding diverse disciplines to manage the promi,2020.0,International psychogeriatrics,10.1017/s1041610219002266,open (gold/diamond/green/hybrid),False
GHD-02099,196,16,gold,europepmc_fulltextxml,Health along the corridor: Medical Cooperation and public health development under the Chi,2026.0,Pakistan Journal of Medical Sciences,10.12669/pjms.42.2.14527,open (gold/diamond/green/hybrid),False
GHD-03578,192,15,gold,europepmc_fulltextxml,"Public health disinformation, conflict, and disease outbreaks: a global narrative integrat",2025.0,Global Health Action,10.1080/16549716.2025.2562380,open (gold/diamond/green/hybrid),False
GHD-01747,192,14,gold,europepmc_fulltextxml,From zero-COVID to global alignment: transnational pressures and China's pandemic communic,2025.0,Globalization and health,10.1186/s12992-025-01155-y,open (gold/diamond/green/hybrid),False
GHD-00116,192,17,gold,europepmc_fulltextxml,A Latin American perspective on neurodiplomacy,2023.0,Frontiers in Medical Technology,10.3389/fmedt.2022.1005043,open (gold/diamond/green/hybrid),False
GHD-04399,192,20,bronze,platform_fetcher_pdf,"The Framework Convention on Tobacco Control: promising start, uncertain future",2003.0,Tobacco Control,10.1136/tc.12.3.241,non-open (bronze/closed),False
GHD-00830,189,13,bronze,europepmc_fulltextxml,China’s ‘mask diplomacy’ to change the COVID-19 narrative in Europe,2020.0,Asia Europe Journal,10.1007/s10308-020-00576-1,non-open (bronze/closed),False
GHD-04929,188,13,gold,europepmc_fulltextxml,Top 10 Public Health Challenges for 2024: Charting a New Direction for Global Health Secur,2024.0,Public Health Challenges,10.1002/puh2.70022,open (gold/diamond/green/hybrid),False
GHD-01918,188,9,gold,europepmc_fulltextxml,Global health diplomacy in humanitarian action,2024.0,Conflict and Health,10.1186/s13031-024-00605-5,open (gold/diamond/green/hybrid),False
GHD-02259,187,12,bronze,europepmc_fulltextxml,Health is global: a UK Government strategy for 2008–13,2008.0,The Lancet,10.1016/s0140-6736(08)61820-6,non-open (bronze/closed),False
GHD-02924,186,12,gold,europepmc_fulltextxml,Measuring success in global health diplomacy: lessons from marketing food to children in I,2016.0,Globalization and Health,10.1186/s12992-016-0169-5,open (gold/diamond/green/hybrid),False
GHD-00175,185,15,gold,europepmc_fulltextxml,A severe dismantling of LGBTQI+ health equity and equality: impact of new U.S. policies on,2025.0,Journal of the International AIDS Society,10.1002/jia2.26485,open (gold/diamond/green/hybrid),False
GHD-01914,184,21,gold,europepmc_fulltextxml,"Global health diplomacy, health and human security: The ascendancy of enlightened self-int",2019.0,Journal of Education and Health Promotion,10.4103/jehp.jehp_391_18,open (gold/diamond/green/hybrid),False
GHD-03113,184,10,gold,europepmc_fulltextxml,New Complexities and Approaches to Global Health Diplomacy: View from the U.S. Department ,2010.0,PLoS Medicine,10.1371/journal.pmed.1000276,open (gold/diamond/green/hybrid),False
GHD-03296,184,12,diamond,scielo_oa_pdf,Parceiro relutante: as relações do Canadá com a Organização Pan-Americana da Saúde (OPAS),2006.0,História Ciências Saúde-Manguinhos,10.1590/s0104-59702006000300009,open (gold/diamond/green/hybrid),False
GHD-03508,184,12,gold,europepmc_fulltextxml,"“…pretty much all white, and most of them are psychiatrists and men”: Mixed-methods analys",2025.0,PLOS Global Public Health,10.1371/journal.pgph.0003923,open (gold/diamond/green/hybrid),False
GHD-01554,179,12,gold,europepmc_fulltextxml,Evidence-based opportunities to address pandemic drivers via the Pandemic Agreement: lesso,2025.0,BMJ Global Health,10.1136/bmjgh-2025-021304,open (gold/diamond/green/hybrid),False
GHD-04203,176,9,gold,europepmc_fulltextxml,The Brain Health Diplomat's Toolkit: supporting brain health diplomacy leaders in Latin Am,2023.0,The Lancet Regional Health - Americas,10.1016/j.lana.2023.100627,open (gold/diamond/green/hybrid),False
GHD-03072,172,15,gold,europepmc_fulltextxml,Navigating time equity: Balancing urgency and inclusivity in pandemic treaty negotiations,2024.0,PLOS Global Public Health,10.1371/journal.pgph.0003118,open (gold/diamond/green/hybrid),False
GHD-00320,171,10,gold,europepmc_fulltextxml,An ‘Americas First’ foreign policy includes global health,2025.0,The Lancet Regional Health - Americas,10.1016/j.lana.2025.101069,open (gold/diamond/green/hybrid),False
GHD-01394,168,10,green,platform_fetcher_pdf,"Editorial [Personalized Medicine Beyond Genomics: New Technologies, Global Health Diplomac",2009.0,Current pharmacogenomics and personalized medicine (Online)/Current pharmacogenomics and personalized medicine,10.2174/187569209790112283,open (gold/diamond/green/hybrid),False
GHD-00668,168,11,gold,europepmc_fulltextxml,Can Foreign Policy Make a Difference to Health?,2010.0,PLoS Medicine,10.1371/journal.pmed.1000274,open (gold/diamond/green/hybrid),False
GHD-02560,168,14,gold,europepmc_fulltextxml,Interface of health and trade: a view point from health diplomacy,2018.0,BMJ Global Health,10.1136/bmjgh-2017-000491,open (gold/diamond/green/hybrid),False
GHD-00062,168,7,gold,europepmc_fulltextxml,A case-based approach to teaching epidemic and pandemic-related global health diplomacy an,2022.0,Globalization and Health,10.1186/s12992-022-00849-x,open (gold/diamond/green/hybrid),False
GHD-02333,168,9,gold,europepmc_fulltextxml,How political engineering can make health a bridge to peace: lessons from a Primary Health,2022.0,BMJ global health,10.1136/bmjgh-2021-007734,open (gold/diamond/green/hybrid),False
GHD-01965,168,11,gold,europepmc_fulltextxml,Global health in the European Union – a review from an agenda-setting perspective,2014.0,Global Health Action,10.3402/gha.v7.23610,open (gold/diamond/green/hybrid),False
GHD-01291,168,8,gold,europepmc_fulltextxml,Diplomatic response to global health challenges in recognizing patient needs: A qualitativ,2023.0,Frontiers in public health,10.3389/fpubh.2023.1164940,open (gold/diamond/green/hybrid),False
GHD-04943,167,9,gold,europepmc_fulltextxml,Towards a coherent global health architecture: perspectives on integrating global health s,2025.0,Health Policy and Planning,10.1093/heapol/czaf086,open (gold/diamond/green/hybrid),False
GHD-01813,167,14,diamond,europepmc_fulltextxml,"Global Disease Detection—Achievements in Applied Public Health Research, Capacity Building",2017.0,Emerging infectious diseases,10.3201/eid2313.170859,open (gold/diamond/green/hybrid),False
GHD-05310,166,14,gold,europepmc_fulltextxml,Why health diplomacy should be understood as a deterrence instrument: evidence from Sweden,2026.0,Globalization and Health,10.1186/s12992-026-01210-2,open (gold/diamond/green/hybrid),False
GHD-00114,166,11,diamond,scielo_oa_pdf,A influência da resposta dos EUA à COVID-19 no contexto da Saúde Global,2021.0,Ciência & Saúde Coletiva,10.1590/1413-81232021263.38042020,open (gold/diamond/green/hybrid),False
GHD-04595,166,19,gold,europepmc_fulltextxml,The NTDs and Vaccine Diplomacy in Latin America: Opportunities for United States Foreign P,2014.0,PLoS neglected tropical diseases,10.1371/journal.pntd.0002922,open (gold/diamond/green/hybrid),False
GHD-04494,165,10,gold,europepmc_fulltextxml,The impact of SARS‐CoV‐2 in dementia across Latin America: A call for an urgent regional p,2020.0,Alzheimer s & Dementia Translational Research & Clinical Interventions,10.1002/trc2.12092,open (gold/diamond/green/hybrid),False
GHD-02157,163,13,gold,europepmc_fulltextxml,Health diplomacy: a new approach to the Muslim world?,2014.0,Globalization and Health,10.1186/1744-8603-10-50,open (gold/diamond/green/hybrid),False
GHD-01082,162,19,green,europepmc_fulltextxml,COVID-19 Vaccine Diplomacy and Equitable Access to Vaccines Amid Ongoing Pandemic,2021.0,Archives of medical research,10.1016/j.arcmed.2021.04.006,open (gold/diamond/green/hybrid),False
GHD-04373,161,10,diamond,europepmc_fulltextxml,The evolution of Vaccination Week in the Americas,2017.0,Revista panamericana de salud publica = Pan American journal of public health,10.26633/rpsp.2017.150,open (gold/diamond/green/hybrid),False
GHD-02882,159,12,gold,europepmc_fulltextxml,Making sense of estimates of health aid from China,2020.0,BMJ Global Health,10.1136/bmjgh-2019-002261,open (gold/diamond/green/hybrid),False
GHD-01959,157,17,gold,europepmc_fulltextxml,Global Health Implications of US Exit From WHO and Suspension of Aid,2026.0,Public Health Challenges,10.1002/puh2.70267,open (gold/diamond/green/hybrid),False
GHD-01583,157,10,gold,europepmc_fulltextxml,Exploring global health diplomacy in Iran: insights from experts in health and foreign pol,2025.0,BMJ Global Health,10.1136/bmjgh-2024-017797,open (gold/diamond/green/hybrid),False
GHD-02779,146,8,gold,europepmc_fulltextxml,Latest revisions to the International Health Regulations will fail to prevent future trave,2025.0,BMJ Global Health,10.1136/bmjgh-2024-017077,open (gold/diamond/green/hybrid),False
GHD-04526,144,11,closed,,The International Health Law After COVID-19 and the Pandemic Treaty,2023.0,Korea International Law Review,10.25197/kilr.2023.65.79,non-open (bronze/closed),False
GHD-01903,144,9,gold,europepmc_fulltextxml,Global Health Diplomacy: Between Global Society and Neo-Colonialism: The Role and Meaning ,2018.0,Journal of Epidemiology and Global Health,10.2991/j.jegh.2017.11.002,open (gold/diamond/green/hybrid),False
GHD-04579,144,13,diamond,europepmc_fulltextxml,The need for health diplomacy in health security operations,2019.0,Health Promotion Perspectives,10.15171/hpp.2019.23,open (gold/diamond/green/hybrid),False
GHD-00091,144,10,diamond,scielo_oa_pdf,A critical view of the global health emergencies: the 2016 zika epidemic case,2022.0,Ciência & Saúde Coletiva,10.1590/1413-812320222711.06852022en,open (gold/diamond/green/hybrid),False
GHD-01287,144,12,gold,europepmc_fulltextxml,"Diplomatic advantages and threats in global health program selection, design, delivery and",2015.0,Globalization and health,10.1186/s12992-015-0108-x,open (gold/diamond/green/hybrid),False
GHD-01396,144,9,gold,europepmc_fulltextxml,Editorial: Science diplomacy and neocolonialism: lessons from the field with a view to the,2025.0,Frontiers in Public Health,10.3389/fpubh.2025.1700272,open (gold/diamond/green/hybrid),False
GHD-04196,144,12,gold,europepmc_fulltextxml,The biomedical securitization of global health,2023.0,Globalization and health,10.1186/s12992-023-00915-y,open (gold/diamond/green/hybrid),False
GHD-05243,144,10,gold,europepmc_fulltextxml,"What explains the lacklustre response to Zika in Brazil? Exploring institutional, economic",2018.0,BMJ Global Health,10.1136/bmjgh-2018-000862,open (gold/diamond/green/hybrid),False
GHD-02020,144,8,gold,europepmc_fulltextxml,"Globalisation, health and foreign policy: emerging linkages and interests",2005.0,Globalization and Health,10.1186/1744-8603-1-12,open (gold/diamond/green/hybrid),False
GHD-03667,143,19,diamond,europepmc_fulltextxml,Regional health diplomacy as a health promotion strategy for robust health systems,2025.0,Health Promotion Perspectives,10.34172/hpp.025.44898,open (gold/diamond/green/hybrid),False
GHD-02193,141,18,gold,europepmc_fulltextxml,Health diplomacy in Africa-opportunities post-COVID-19,2022.0,Pan African Medical Journal,10.11604/pamj.2022.43.91.37003,open (gold/diamond/green/hybrid),False
GHD-01603,139,12,gold,europepmc_fulltextxml,Failing to learn the lessons: the U.S. response on global health security ignores 20 years,2023.0,Journal of the International AIDS Society,10.1002/jia2.26108,open (gold/diamond/green/hybrid),False
GHD-04381,137,9,gold,europepmc_fulltextxml,The fight against polio through the NO-DO newsreels during the Francoism period in Spain,2019.0,PLoS ONE,10.1371/journal.pone.0225324,open (gold/diamond/green/hybrid),False
GHD-03845,120,14,diamond,europepmc_fulltextxml,Scalable policy adoption and sustainable implementation of surgical care in the Americas,2024.0,Revista Panamericana de Salud Pública,10.26633/rpsp.2024.132,open (gold/diamond/green/hybrid),False
GHD-05208,120,10,green,,"Viral Sovereignty, Vaccine Diplomacy, and Vaccine Nationalism: The Institutions of Global ",2021.0,SSRN Electronic Journal,10.2139/ssrn.3902809,open (gold/diamond/green/hybrid),False
GHD-00259,120,6,green,europepmc_fulltextxml,Adverse effects of political sanctions on the health care system in Iran.,2015.0,PubMed,10.7189/jogh.05.020302,open (gold/diamond/green/hybrid),False
GHD-01947,120,6,gold,europepmc_fulltextxml,Global health: Global health diplomacy,2020.0,Journal of Global Health,10.7189/jogh.10.020354,open (gold/diamond/green/hybrid),False
GHD-05210,120,9,hybrid,ncbi_pmc_efetch,Virtually There: A Framework for Immersive Technology to Enable Global Health Engagements–,2025.0,Journal of Medical Extended Reality,10.1089/jmedxr.2024.0030,open (gold/diamond/green/hybrid),False
GHD-01874,120,13,gold,europepmc_fulltextxml,Global health diplomacy: a solution to meet the needs of disabled people in Yemen,2020.0,Conflict and Health,10.1186/s13031-020-00310-z,open (gold/diamond/green/hybrid),False
GHD-04772,120,6,gold,europepmc_fulltextxml,The role of the university in recovering from COVID-19 and preparing for future crises—per,2023.0,Frontiers in Public Health,10.3389/fpubh.2023.1072823,open (gold/diamond/green/hybrid),False
GHD-00653,120,6,gold,europepmc_fulltextxml,By executive order: The likely deadly consequences associated with a 90‐day pause in PEPFA,2025.0,Journal of the International AIDS Society,10.1002/jia2.26431,open (gold/diamond/green/hybrid),False
GHD-01110,120,9,diamond,ncbi_pmc_efetch,Cross-Border Cooperation for One Health in Central Asia: Strengthening Systems and Securin,2026.0,Health Promotion Perspectives,10.34172/hpp.45299,open (gold/diamond/green/hybrid),False
GHD-00061,117,8,hybrid,europepmc_fulltextxml,"A career in a Kingdom: Journeys in infection, Mass Gathering Medicine and public health di",2016.0,Human Vaccines & Immunotherapeutics,10.1080/21645515.2016.1226637,open (gold/diamond/green/hybrid),False
GHD-02677,116,8,bronze,europepmc_fulltextxml,Iraq: time to signal a new era for health in foreign policy,2006.0,The Lancet,10.1016/s0140-6736(06)69492-0,non-open (bronze/closed),False
GHD-03686,116,10,gold,europepmc_fulltextxml,Relics of imperialism: US foreign policy on abortion in the COVID era,2020.0,Sexual and Reproductive Health Matters,10.1080/26410397.2020.1824319,open (gold/diamond/green/hybrid),False
GHD-04367,115,8,bronze,,The EU’s Vaccine Diplomacy in the WHO,2024.0,European Foreign Affairs Review,10.54648/eerr2024003,non-open (bronze/closed),False
GHD-01257,115,8,green,europepmc_fulltextxml,Digital vaccine passports and digital health diplomacy: an online model WHO simulation,2022.0,Journal of the American Medical Informatics Association,10.1093/jamia/ocac126,open (gold/diamond/green/hybrid),False
GHD-03837,111,6,green,europepmc_fulltextxml,"Sanctions, Smuggling, and the Cigarette: The Granting of Iran Office of Foreign Asset Cont",2014.0,International journal of preventive medicine,,open (gold/diamond/green/hybrid),False
GHD-01017,111,5,gold,europepmc_fulltextxml,Corrected and Republished: Global Health Diplomacy Fingerprints on Human Security,2020.0,International Journal of Preventive Medicine,10.4103/2008-7802.279163,open (gold/diamond/green/hybrid),False
GHD-01909,111,5,gold,europepmc_fulltextxml,Global Health Diplomacy Fingerprints on Human Security,2019.0,International Journal of Preventive Medicine,10.4103/ijpvm.ijpvm_11_19,open (gold/diamond/green/hybrid),False
GHD-03743,110,5,gold,,Rethinking domestic politics of Indonesian SSTC in Africa and paradox of MRLs education tr,2023.0,JPPI (Jurnal Penelitian Pendidikan Indonesia),10.29210/020233381,open (gold/diamond/green/hybrid),False
GHD-02085,110,13,gold,europepmc_fulltextxml,Harnessing the peace dividends of health,2021.0,BMJ Global Health,10.1136/bmjgh-2021-006287,open (gold/diamond/green/hybrid),False
GHD-00319,107,7,diamond,europepmc_fulltextxml,An Agenda for Public Health Diplomacy in an Age of Populism,2025.0,Public Health Reviews,10.3389/phrs.2025.1609089,open (gold/diamond/green/hybrid),False
GHD-03738,100,13,diamond,europepmc_fulltextxml,Rethinking and strengthening the Global Health Diplomacy through triangulated nexus betwee,2021.0,Global Health Research and Policy,10.1186/s41256-021-00195-2,open (gold/diamond/green/hybrid),False
GHD-03820,96,8,gold,europepmc_fulltextxml,Russian–United States vaccine science diplomacy: Preserving the legacy,2017.0,PLoS neglected tropical diseases,10.1371/journal.pntd.0005320,open (gold/diamond/green/hybrid),False
GHD-02922,96,8,hybrid,,"Means and ENDS – e-cigarettes, the Framework Convention on Tobacco Control, and global hea",2016.0,Global Public Health,10.1080/17441692.2016.1152284,open (gold/diamond/green/hybrid),False
GHD-05092,96,6,diamond,,Unravelling Indonesia’s Foreign Aid Interest Towards Fiji From a Multi-Frame Perspective,2026.0,Journal of Public Power,10.32492/jpp.v10i1.10102,open (gold/diamond/green/hybrid),False
GHD-02015,96,5,green,platform_fetcher_pmc_text,Global Tobacco Control Diffusion: The Case of the Framework Convention on Tobacco Control,2010.0,American Journal of Public Health,10.2105/ajph.2009.167833,open (gold/diamond/green/hybrid),False
GHD-00661,96,11,green,,Calling the Shots through Health Diplomacy: China’s World-Wide Distribution of Anti-Covid ,2022.0,SSRN Electronic Journal,10.2139/ssrn.4099064,open (gold/diamond/green/hybrid),False
GHD-01248,96,14,diamond,europepmc_fulltextxml,"""Digital global health diplomacy"" for climate change and human security in the Anthropocen",2022.0,Health Promotion Perspectives,10.34172/hpp.2022.35,open (gold/diamond/green/hybrid),False
GHD-01289,96,7,diamond,europepmc_fulltextxml,Diplomatic monocultures in public health diplomacy: a narrative review on conference equit,2026.0,Public Health Reviews,10.3389/phrs.2026.1609708,open (gold/diamond/green/hybrid),False
GHD-00004,96,7,gold,europepmc_fulltextxml,"10.H. Round table: Access, equity and the relevance of the Pandemic Treaty: lessons from t",2022.0,European journal of public health,10.1093/eurpub/ckac129.648,open (gold/diamond/green/hybrid),False
GHD-04053,96,10,gold,,Strategic Health Diplomacy: An Indonesia’s Approach in Securing COVID-19 Booster Vaccine S,2024.0,Jurnal Hubungan Internasional,10.18196/jhi.v13i1.17829,open (gold/diamond/green/hybrid),False
GHD-05274,96,7,hybrid,,Which foreign vaccine should the government purchase in a pandemic? Evidence from a survey,2024.0,Social science & medicine (1982),10.1016/j.socscimed.2024.116766,open (gold/diamond/green/hybrid),False
GHD-01712,96,14,gold,europepmc_fulltextxml,From algorithms to negotiations: Why health diplomacy must adapt,2025.0,PLOS Global Public Health,10.1371/journal.pgph.0004488,open (gold/diamond/green/hybrid),False
GHD-00790,96,7,hybrid,,China's Health Diplomacy towards Africa through the Belt and Road Initiative,2026.0,Journal for social science archives,10.59075/jssa.v4i1.618,open (gold/diamond/green/hybrid),False
GHD-02282,95,12,green,,Health Silk Road 2020: A Bridge to the Future of Health for All,2021.0,SSRN Electronic Journal,10.2139/ssrn.3830380,open (gold/diamond/green/hybrid),False
GHD-00522,95,6,diamond,,Biogeopolitics of Life Reflected in China’s COVID-19 Vaccine Diplomacy,2025.0,International Journal of Social Science and Economic Research,10.46609/ijsser.2025.v10i12.014,open (gold/diamond/green/hybrid),False
GHD-03834,95,4,green,europepmc_fulltextxml,Sanctions against Iran: The Impact on Health Services.,2014.0,PubMed,,open (gold/diamond/green/hybrid),False
GHD-04094,93,4,gold,europepmc_fulltextxml,Sustaining the HIV/AIDS response: PEPFAR's vision,2023.0,Journal of the International AIDS Society,10.1002/jia2.26192,open (gold/diamond/green/hybrid),False
GHD-02162,93,7,hybrid,,Health Diplomacy and Domestic Political Stability: A Qualitative Analysis of European Unio,2026.0,Malahayati Nursing Journal,10.33024/mnj.v8i8.25687,open (gold/diamond/green/hybrid),False
GHD-00298,93,5,closed,,Amendments to the International Health Regulations and their implications,2024.0,Institute of Legal Myongji University,10.53066/mlr.2024.23.1.339,non-open (bronze/closed),False
GHD-04379,93,4,gold,europepmc_fulltextxml,The FIFA World Cup as a Tool for Global Health Diplomacy,2023.0,Public Health Challenges,10.1002/puh2.106,open (gold/diamond/green/hybrid),False
GHD-00224,92,5,diamond,europepmc_fulltextxml,Achievements of the Cochrane Iran Associate Centre: Lessons Learned,2019.0,International Journal of Health Policy and Management,10.15171/ijhpm.2019.122,open (gold/diamond/green/hybrid),False
GHD-03491,92,5,gold,europepmc_fulltextxml,Predators among protectors: overcoming power abuse during humanitarian crisis through effe,2021.0,AIMS Public Health,10.3934/publichealth.2021015,open (gold/diamond/green/hybrid),False
GHD-02968,87,4,diamond,europepmc_fulltextxml,Mental Health of Nepalese Migrant Workers: A Call for Action in South Korea,2025.0,Journal of Nepal Medical Association,10.31729/jnma.9165,open (gold/diamond/green/hybrid),False
GHD-05264,85,8,gold,,When should a public health emergency of international concern be declared? The case of th,2026.0,Health Policy and Planning,10.1093/heapol/czag094,open (gold/diamond/green/hybrid),False
GHD-05047,83,7,diamond,scielo_oa_pdf,Uma leitura crítica das emergências em saúde global: o caso da epidemia de zika de 2016,2022.0,Ciência & Saúde Coletiva,10.1590/1413-812320222711.06852022,open (gold/diamond/green/hybrid),False
GHD-02471,82,6,closed,,India will not revive vaccine shipments until 2022,2021.0,Emerald expert briefings,10.1108/oxan-db263283,non-open (bronze/closed),False
GHD-03068,80,5,diamond,,Navigating the Covid-19 Landscape: China’s Health Diplomacy Approach in Southeast Asia,2024.0,International Trends / Mezhdunarodnye protsessy,10.46272/it.2024.22.2.77.8,open (gold/diamond/green/hybrid),False
GHD-00497,79,6,closed,,Beyond idealism and realism: Canadian NGO/government relations during the negotiation of t,2010.0,Journal of public health policy,10.1057/jphp.2009.48,non-open (bronze/closed),False
GHD-04620,72,7,hybrid,europepmc_fulltextxml,"The past and present of pandemic management: health diplomacy, international epidemiologic",2021.0,History & Philosophy of the Life Sciences,10.1007/s40656-021-00416-4,open (gold/diamond/green/hybrid),False
GHD-04447,72,5,diamond,,The Great Decoupling: A Case Study of US Foreign Policy Toward China and the Paradox of St,2026.0,Research Journal of Human and Social Aspects,10.71085/rjhsa.04.02.85,open (gold/diamond/green/hybrid),False
GHD-00283,72,6,gold,europepmc_fulltextxml,AGING AND FOREIGN POLICY: EXPERIENCING THE GLOBAL TRACK OF THE HEALTH AND AGING POLICY FEL,2023.0,Innovation in Aging,10.1093/geroni/igad104.0023,open (gold/diamond/green/hybrid),False
GHD-04070,72,4,diamond,,Strengthening the Strategic Role of the Indonesian Diaspora in Non-Military National Defen,2025.0,International Journal of Integrated Science and Technology,10.59890/ijist.v3i12.218,open (gold/diamond/green/hybrid),False
GHD-03503,72,4,gold,,"Preserve, Pressure, Protect, and Peel: The US-China Rivalry and the Politics of Vaccine Pr",2023.0,,10.33774/apsa-2023-zwqbq,open (gold/diamond/green/hybrid),False
GHD-01472,72,3,closed,,Enhancing the Effectiveness of the U.S. Army's Participation in Medical Diplomacy: Implica,2014.0,Military Medicine,10.7205/milmed-d-13-00465,non-open (bronze/closed),False
GHD-01604,72,4,hybrid,,Failure of China's COVID-19 health diplomacy in wining hearts and minds in Thailand and th,2024.0,International Journal of Asian Studies,10.1017/s147959142400024x,open (gold/diamond/green/hybrid),False
GHD-04742,72,3,diamond,,The Role of Defense Diplomacy to Support Covid-19 Pandemic Responses Indonesia in 2019-202,2023.0,International Journal Of Humanities Education and Social Sciences (IJHESS),10.55227/ijhess.v3i2.731,open (gold/diamond/green/hybrid),False
GHD-01869,72,4,diamond,,Global Health Diplomacy: A Comparative Analysis of China’s and the U.S.’s Soft Power durin,2022.0,Central Asia,10.54418/ca-90.169,open (gold/diamond/green/hybrid),False
GHD-04746,72,9,hybrid,,THE ROLE OF HUMANITARIAN HEALTH DIPLOMACY IN STRENGTHENING PUBLIC HEALTH RESPONSE IN CONFL,2025.0,Lex localis - Journal of Local Self-Government,10.52152/d0gek828,open (gold/diamond/green/hybrid),False
GHD-00029,72,9,gold,europepmc_fulltextxml,"4.C. Round table: The role of EU bodies and European Health Union policies, and implicatio",2023.0,European Journal of Public Health,10.1093/eurpub/ckad160.218,open (gold/diamond/green/hybrid),False
GHD-04906,72,4,diamond,,TIPOLOGI INTERREGIONALISME UNI EROPA DALAM MERESPONS PENULARAN PANDEMI COVID-19 DI EROPA,2023.0,BHUVANA Journal of Global Studies,10.59408/bjgs.v1i2.67,open (gold/diamond/green/hybrid),False
GHD-04904,72,10,gold,europepmc_fulltextxml,Time for the two-spirits: Shaping the inclusive policy environment for hispanics and trans,2017.0,Journal of Family Medicine and Primary Care,10.4103/jfmpc.jfmpc_74_17,open (gold/diamond/green/hybrid),False
GHD-04811,72,7,hybrid,,The structure of global health diplomacy and the significance of the WHO in international ,2025.0,FOREIGN AFFAIRS,10.59214/2663-2675.35(2).2025.113,open (gold/diamond/green/hybrid),False
GHD-04872,72,4,closed,,The WHO Framework Convention on Tobacco Control as a tool for advancing health promotion: ,2010.0,Global Health Promotion,10.1177/1757975909358252,non-open (bronze/closed),False
GHD-00086,72,3,gold,,A Critical Evaluation of Health Diplomacy as an Altruistic Underpinning of China–Africa Re,2024.0,,10.1007/978-981-97-4576-0_26,open (gold/diamond/green/hybrid),False
GHD-03633,72,3,diamond,,Reassessing U.S.-Indonesia Development Cooperation: A Constructivist Analysis of the USAID,2025.0,Ilomata International Journal of Social Science,10.61194/ijss.v6i4.1700,open (gold/diamond/green/hybrid),False
GHD-01280,72,5,diamond,,Diplomasi Vaksin Covid-19 dan Budaya Anarki dalam Sistem Internasional [Covid-19 Vaccine D,2021.0,Jurnal Politica Dinamika Masalah Politik Dalam Negeri dan Hubungan Internasional,10.22212/jp.v12i2.2345,open (gold/diamond/green/hybrid),False
GHD-01733,72,5,gold,europepmc_fulltextxml,From polycrisis to metacrisis: harnessing windows of opportunity for renewed political lea,2024.0,BMJ Global Health,10.1136/bmjgh-2024-015340,open (gold/diamond/green/hybrid),False
GHD-04375,72,4,closed,,The experience of Chinese physicians in the national health diplomacy programme deployed t,2011.0,Global Public Health,10.1080/17441692.2011.594450,non-open (bronze/closed),False
GHD-02610,72,3,hybrid,,"Int’l Health Regulations (2005) as amended 2014, 2022, and 2024 (W.H.O.)",2026.0,International Legal Materials,10.1017/ilm.2026.10154,open (gold/diamond/green/hybrid),False
GHD-02166,72,5,diamond,,Health Diplomacy and Intellectual Property Cooperation within BRICS,2022.0,Journal of BRICS Studies,10.36615/jbs.v1i1.650,open (gold/diamond/green/hybrid),False
GHD-02212,72,3,closed,,"Health Diplomacy through Collaboration and a Story of Hope in Tsunami-Ravaged Banda Aceh, ",2006.0,Military Medicine,10.7205/milmed.171.1s.44,non-open (bronze/closed),False
GHD-02488,72,5,diamond,,India’s Vaccine Diplomacy and Changing Geopolitics in the Global South,2022.0,Journal of Social Sciences and Humanities Review,10.4038/jsshr.v7i3.107,open (gold/diamond/green/hybrid),False
GHD-02132,72,7,gold,europepmc_fulltextxml,Health as a bridge to peace and trust in Myanmar: The 21st Century Panglong Conference,2017.0,Globalization and Health,10.1186/s12992-017-0271-3,open (gold/diamond/green/hybrid),False
GHD-01969,72,7,gold,europepmc_fulltextxml,Global health is dead; long live global health! Critiques of the field and its future,2021.0,BMJ Global Health,10.1136/bmjgh-2021-006648,open (gold/diamond/green/hybrid),False
GHD-02097,72,6,closed,,Health,2019.0,Oxford University Press eBooks,10.1093/law/9780190947842.003.0021,non-open (bronze/closed),False
GHD-03066,72,3,gold,europepmc_fulltextxml,Navigating global health diplomacy: challenges and opportunities in building a community o,2025.0,Globalization and Health,10.1186/s12992-025-01100-z,open (gold/diamond/green/hybrid),False
GHD-01224,72,10,bronze,europepmc_fulltextxml,Developing Global Health Diplomacy-related Skills Using a COVID-19-like Epidemic Simulatio,2021.0,American Journal of Tropical Medicine and Hygiene,10.4269/ajtmh.21-0155,non-open (bronze/closed),False
GHD-03292,72,13,diamond,,Pandemirespons og global helse i norsk utenrikspolitikk – og i FNs sikkerhetsråd,2021.0,Internasjonal politikk,10.23865/intpol.v79.3643,open (gold/diamond/green/hybrid),False
GHD-01942,72,6,closed,,Global Health Diplomacy Training for Military Medical Researchers,2014.0,Military Medicine,10.7205/milmed-d-13-00389,non-open (bronze/closed),False
GHD-02977,72,9,diamond,,MIDDLE POWER’S ROLE IN HEALTH DIPLOMACY DURING COVID-19,2021.0,The Sunan Ampel Review of Political and Social Sciences,10.15642/sarpass.2021.1.1.94-110,open (gold/diamond/green/hybrid),False
GHD-03287,72,9,gold,europepmc_fulltextxml,Pandemic treaty needs to start with rethinking the paradigm of global health security,2021.0,BMJ Global Health,10.1136/bmjgh-2021-006392,open (gold/diamond/green/hybrid),False
GHD-00012,72,4,gold,europepmc_fulltextxml,2.C. Round table: A Pandemic Treaty to deliver global health equity: negotiating under a t,2024.0,European Journal of Public Health,10.1093/eurpub/ckae144.076,open (gold/diamond/green/hybrid),False
GHD-04333,72,3,bronze,,The Emerging Role of Preventive Medicine in Health Diplomacy after the 2005 Earthquake in ,2008.0,Military Medicine,10.7205/milmed.173.2.113,non-open (bronze/closed),False
GHD-00331,72,6,gold,europepmc_fulltextxml,An effective pandemic treaty requires accountability,2022.0,The Lancet Public Health,10.1016/s2468-2667(22)00192-x,open (gold/diamond/green/hybrid),False
GHD-02760,72,9,hybrid,,Kolaborasi WHO dan Tiongkok Pasca Covid-19 terhadap Arsitektur Kesehatan Global,2026.0,Jurnal Sosial-Politika,10.54144/mxsfrn32,open (gold/diamond/green/hybrid),False
GHD-03748,71,3,hybrid,,Rethinking science diplomacy for a more equitable public health future,2026.0,Open Access Government,10.56367/oag-050-12515,open (gold/diamond/green/hybrid),False
GHD-05096,71,4,gold,,UPHOLDING MULTILATERALISM: INDONESIA’S FOREIGN POLICY IN RESPONDING TO COVID-19 PANDEMIC,2022.0,,10.31219/osf.io/d3pht,open (gold/diamond/green/hybrid),False
GHD-00250,71,3,hybrid,,Advancements in Diplomatic Efforts of Indonesia in Combating Covid-19 Compared to ASEAN Co,2023.0,Jurnal Mengkaji Indonesia,10.59066/jmi.v2i1.104,open (gold/diamond/green/hybrid),False
GHD-01428,71,3,diamond,,El retorno al concepto clásico de pandemia: el nuevo tratado de la OMS y la enmienda del r,2024.0,Revista Electrónica de Estudios Internacionales,10.36151/reei.48.09,open (gold/diamond/green/hybrid),False
GHD-03920,71,4,diamond,,Shaping global health security through multilateral leadership: A qualitative analysis of ,2026.0,Sanitasi Jurnal Kesehatan Lingkungan,10.29238/sanitasi.v19i1.3120,open (gold/diamond/green/hybrid),False
GHD-03107,71,4,diamond,,Netherlands Vaccine Diplomacy Towards Indonesia During Covid-19 Pandemic,2023.0,Jurnal Hubungan Internasional,10.20473/jhi.v16i2.44486,open (gold/diamond/green/hybrid),False
GHD-00389,70,7,diamond,europepmc_fulltextxml,Antimicrobial resistance: a priority for global health action,2015.0,Bulletin of the World Health Organization,10.2471/blt.15.158998,open (gold/diamond/green/hybrid),False
GHD-05095,70,5,closed,,Updating the International Health Regulations,2005.0,Biosecurity and Bioterrorism Biodefense Strategy Practice and Science,10.1089/bsp.2005.3.338,non-open (bronze/closed),False
GHD-05074,69,6,diamond,ncbi_pmc_efetch,Unfinished business: Lessons for future G20 meetings on a more inclusive understanding of ,2022.0,GHM open,10.35772/ghmo.2021.01006,open (gold/diamond/green/hybrid),False
GHD-03652,69,7,green,,Reflections on Japan’s G20 Presidency in 2019 and The Lessons for Future Political Commitm,2020.0,Research Square,10.21203/rs.3.rs-104608/v1,open (gold/diamond/green/hybrid),False
GHD-02768,69,4,closed,,La Convention-cadre pour la lutte anti-tabac : espoir pour l'Afrique ?,2005.0,Promotion & Education,10.1177/10253823050120040117,non-open (bronze/closed),False
GHD-00789,69,4,diamond,,China's Health Diplomacy Strategy During COVID-19 Crisis 2020-2022,2024.0,Insignia Journal of International Relations,10.20884/1.ins.2024.11.1.11296,open (gold/diamond/green/hybrid),False
GHD-03257,68,6,diamond,,Сountering СOVID-19 as a tool for Hybrid Influence of Russia and China on Regional Subsyst,2022.0,Problems of World History,10.46869/2707-6776-2022-17-7,open (gold/diamond/green/hybrid),False
GHD-00359,68,6,diamond,,Analisis Keputusan Indonesia terhadap WHO FCTC pada Masa Kepemimpinan Presiden Joko Widodo,2021.0,Mandala: Jurnal Ilmu Hubungan Internasional,10.33822/mjihi.v4i1.2455,open (gold/diamond/green/hybrid),False
GHD-04154,68,4,gold,,Thai Foreign Policy amid the US-China Competition of Vaccine Diplomacy between 2020 and 20,2021.0,,10.58837/chula.is.2021.102,open (gold/diamond/green/hybrid),False
GHD-02999,68,4,gold,europepmc_fulltextxml,Mitigating losses: how scientific organisations can help address the impact of the COVID-1,2021.0,Humanities and Social Sciences Communications,10.1057/s41599-021-00944-1,open (gold/diamond/green/hybrid),False
GHD-05200,68,7,closed,,Vietnam's Resilient Diplomacy: Navigating Global Shifts in the Post‐ <scp>COVID</scp> Era,2026.0,Asia Pacific Viewpoint,10.1111/apv.70031,non-open (bronze/closed),False
GHD-03102,67,3,gold,europepmc_fulltextxml,Neocolonialism and science diplomacy: personal reflections from the Middle East on mental ,2024.0,Frontiers in Public Health,10.3389/fpubh.2024.1409341,open (gold/diamond/green/hybrid),False
GHD-02914,67,3,closed,,Mass Vaccination,2019.0,Cornell University Press eBooks,10.7591/cornell/9781501739989.001.0001,non-open (bronze/closed),False
GHD-02182,66,5,green,,Health Diplomacy as Soft Power: Evaluating Türkiye’s Strategic Engagement and Economic Out,2026.0,Research Square,10.21203/rs.3.rs-9160478/v1,open (gold/diamond/green/hybrid),False
GHD-04071,66,5,diamond,europepmc_fulltextxml,Strengthening Uganda’s Climate-Resilient Health Systems: A Position Paper on Climate and H,2026.0,Public health reviews,10.3389/phrs.2026.1609302,open (gold/diamond/green/hybrid),False
GHD-04936,66,5,closed,,Toward a More Rounded Strategy to Eliminate Illicit Trade in Tobacco Products,2017.0,Journal of World Trade,10.54648/trad2017011,non-open (bronze/closed),False
GHD-00819,65,5,gold,,China’s Health Diplomacy and Soft Power Play in Chile and Argentina: A Cross-Country Compa,2025.0,,10.33774/apsa-2025-pgkhj,open (gold/diamond/green/hybrid),False
GHD-03240,64,3,diamond,,Operationalising regional public health in Africa: The contributions of the West African H,2026.0,Journal of Interventional Epidemiology and Public Health,10.37432/jieph-d-25-00216,open (gold/diamond/green/hybrid),False
GHD-01620,63,4,diamond,,Features of China's humanitarian aid in the field of healthcare,2025.0,Международные отношения,10.7256/2454-0641.2025.4.77126,open (gold/diamond/green/hybrid),False
GHD-01963,63,4,diamond,,Global health in foreign policy in South Africa – Evidence from state actors,2023.0,South Eastern European Journal of Public Health,10.56801/seejph.vi.89,open (gold/diamond/green/hybrid),False
GHD-04578,62,3,gold,europepmc_fulltextxml,The Need for a Travel Medicine Diploma in Saudi Arabia: Addressing National and Global Hea,2025.0,Journal of Epidemiology and Global Health,10.1007/s44197-025-00394-x,open (gold/diamond/green/hybrid),False
GHD-00323,62,14,gold,,An Analysis of Indonesia’s Free and Active COVID-19 Vaccine Diplomacy,2022.0,Jurnal Hubungan Internasional,10.18196/jhi.v11i1.13087,open (gold/diamond/green/hybrid),False
GHD-02290,61,6,bronze,platform_fetcher_pmc_text,Health treaty dilution: a case study of Japan's influence on the language of the WHO Frame,2006.0,Journal of epidemiology and community health,10.1136/jech.2005.043794,non-open (bronze/closed),False
GHD-04601,61,3,closed,,The One Health Approach in the Research Ecosystem: Observations From The United States Sci,2026.0,One Health: Holistic and Sustainable Solutions,10.53478/tuba.978-625-6110-71-7.ch01,non-open (bronze/closed),False
GHD-03252,60,9,green,platform_fetcher_pmc_text,Origins of the WHO Framework Convention on Tobacco Control,2005.0,American Journal of Public Health,10.2105/ajph.2003.025908,open (gold/diamond/green/hybrid),False
GHD-04965,60,6,diamond,,Trade-Offs in the International Legal Regime: The case of the Pandemic Agreement,2026.0,AJIL Unbound,10.1017/aju.2025.10053,open (gold/diamond/green/hybrid),False
GHD-00438,60,5,hybrid,,ASSESSMENTS OF U.S. COVID-19 VACCINE DIPLOMACY AND BENEFITS FOR VIETNAM,2023.0,The American Journal of Interdisciplinary Innovations and Research,10.37547/tajiir/volume05issue02-01,open (gold/diamond/green/hybrid),False
GHD-05174,59,3,closed,,"Vaccine Technology: Its Commercial, Social and Economic Impacts",2025.0,,10.59317/9789358872835,non-open (bronze/closed),False
GHD-01783,53,6,green,,Geopolitics vs. Public Health: Determinants of U.S. Overseas COVID-19 Vaccine Donations,2022.0,SSRN Electronic Journal,10.2139/ssrn.4219966,open (gold/diamond/green/hybrid),False
GHD-04139,52,3,closed,,[Technical cooperation for health between Colombia and bordering countries],2011.0,Revista panamericana de salud publica = Pan American journal of public health,,non-open (bronze/closed),False
GHD-01927,49,5,closed,,Global health diplomacy: Provision of specialist medical services in the Republic of Botsw,2022.0,The surgeon : journal of the Royal Colleges of Surgeons of Edinburgh and Ireland,10.1016/j.surge.2021.04.011,non-open (bronze/closed),False
GHD-00336,48,3,closed,ncbi_pmc_efetch,An inclusive rights-based foreign policy for health,2013.0,The Lancet,10.1016/s0140-6736(13)61462-2,non-open (bronze/closed),False
GHD-01046,48,2,bronze,ncbi_pmc_efetch,COVID-19 and China's Changing Soft Power in Italy,2021.0,Chinese political science review,10.1007/s41111-021-00184-3,non-open (bronze/closed),False
GHD-00446,48,3,closed,,Atoms for Peace in Latin America,2016.0,Oxford Research Encyclopedia of Latin American History,10.1093/acrefore/9780199366439.013.317,non-open (bronze/closed),False
GHD-01717,48,2,closed,,From Cold War science diplomacy to partnering in a networked world,2010.0,Journal of Science and Technology Policy in China,10.1108/17585521011032522,non-open (bronze/closed),False
GHD-01926,48,6,diamond,ncbi_pmc_efetch,"Global Health Diplomacy, National Integration, and Regional Development Through the Monito",2015.0,Research Information System of Ardabil University of Medical Sciences (Ardabil University of Medical Sciences),10.15171/ijhpm.2015.89,open (gold/diamond/green/hybrid),False
GHD-02417,48,2,diamond,,IMPLEMENTASI DIPLOMASI VAKSIN TIONGKOK DALAM KEPENTINGAN GEOPOLITIK TERKAIT HEALTH SILK RO,2023.0,Aliansi Jurnal Politik Keamanan Dan Hubungan Internasional,10.24198/aliansi.v2i1.45574,open (gold/diamond/green/hybrid),False
GHD-01037,48,3,closed,,COVAX versus Sinovac: A test for the legitimacy of the World Health Organization in South ,2023.0,The British Journal of Politics and International Relations,10.1177/13691481231217427,non-open (bronze/closed),False
GHD-01035,48,2,gold,,Courting innovative diplomacy for health safety and security amidst the Covid-19 pandemic;,2021.0,EUREKA Social and Humanities,10.21303/2504-5571.2021.002068,open (gold/diamond/green/hybrid),False
GHD-01777,48,2,diamond,,"Geopolitical issues in health and biosecurity concerning gain-of-function research, emerge",2022.0,International Journal of Clinical Virology,10.29328/journal.ijcv.1001043,open (gold/diamond/green/hybrid),False
GHD-01014,48,2,bronze,ncbi_pmc_efetch,Coronavirus (COVID‐19) pandemic: Pros and cons of China's soft power projection,2021.0,Asian Politics & Policy,10.1111/aspp.12610,non-open (bronze/closed),False
GHD-01790,48,3,hybrid,,Geostrategy and Great Power Relations: A Reanalysis of the Basic Trends of Sino-Japanese R,2022.0,East Asian Affairs,10.1142/s2737557922500061,open (gold/diamond/green/hybrid),False
GHD-00900,48,4,hybrid,,Coercive containment of the Africa Group’s Equity Agenda in the WHO Pandemic Treaty negoti,2026.0,London Review of International Law,10.1093/lril/lrag009,open (gold/diamond/green/hybrid),False
GHD-02355,48,9,green,,Human Rights Challenges in the Pandemic Treaty Negotiations,2023.0,SSRN Electronic Journal,10.2139/ssrn.4524071,open (gold/diamond/green/hybrid),False
GHD-05365,48,4,gold,,YUMUŞAK GÜÇ ARACI OLARAK SINOVAC AŞISININ TÜRK BASININDA TEMSİLİ ÜZERİNE BİR TEMATİK ANALİ,2025.0,The Turkish Online Journal of Design Art and Communication,10.7456/tojdac.1674090,open (gold/diamond/green/hybrid),False
GHD-02517,48,8,diamond,,"Industry, Academia and Government Partnership through the Global Health Innovative Technol",2016.0,YAKUGAKU ZASSHI,10.1248/yakushi.15-00233-5,open (gold/diamond/green/hybrid),False
GHD-04275,48,14,green,,The COVID-19 pandemic and the development of global health law: managing crises or achievi,2024.0,Journal of Global Health Law,10.4337/jghl.2024.01.01,open (gold/diamond/green/hybrid),False
GHD-04326,48,3,gold,,The effect of Chinese vaccine diplomacy during COVID-19 in the Philippines and Vietnam: a ,2023.0,Humanities and Social Sciences Communications,10.1057/s41599-023-02073-3,open (gold/diamond/green/hybrid),False
GHD-04341,48,4,closed,,"The EU as a Global Health Actor: Policy Coherence, Health Diplomacy and WHO Reform",2014.0,European Foreign Affairs Review,10.54648/eerr2014042,non-open (bronze/closed),False
GHD-04365,48,3,bronze,ncbi_pmc_efetch,The EU’s global health policy in times of Covid-19: challenges and prospects,2020.0,European Journal of Public Health,10.1093/eurpub/ckaa166.282,non-open (bronze/closed),False
GHD-04382,48,5,hybrid,,The Fight for Global Health Justice: The Advocacy of International Humanitarian and Develo,2024.0,VOLUNTAS International Journal of Voluntary and Nonprofit Organizations,10.1007/s11266-023-00630-7,open (gold/diamond/green/hybrid),False
GHD-03244,48,3,diamond,,Opportunities for Global Health Diplomacy in Transnational Robotic Telesurgery,2023.0,The AMA Journal of Ethic,10.1001/amajethics.2023.624,open (gold/diamond/green/hybrid),False
GHD-00478,48,9,diamond,,Before and After COVID-19 Outbreak: Indonesia as a Successful Story of WHO Global Health D,2024.0,IKAT The Indonesian Journal of Southeast Asian Studies,10.22146/ikat.v7i1.99836,open (gold/diamond/green/hybrid),False
GHD-01266,48,3,diamond,europepmc_fulltextxml,Diplomacy and Health: The End of the Utilitarian Era,2017.0,International Journal of Health Policy and Management,10.15171/ijhpm.2016.155,open (gold/diamond/green/hybrid),False
GHD-00509,48,4,bronze,,Biden Administration Reengages with International Institutions and Agreements,2021.0,American Journal of International Law,10.1017/ajil.2021.12,non-open (bronze/closed),False
GHD-02122,48,2,closed,,Health and Peacebuilding: Resuscitating the Failed State in Sierra Leone,2005.0,International Relations,10.1177/0047117805058534,non-open (bronze/closed),False
GHD-01254,48,3,gold,,Digital health diplomacy: Regional and global digital health in a post-pandemic world (Pre,2024.0,,10.2196/preprints.68040,open (gold/diamond/green/hybrid),False
GHD-00090,48,2,closed,,A Critical Study on the Role of Science Diplomacy in Promoting Public Health and the Envir,2024.0,,10.59019/apnx3030,non-open (bronze/closed),False
GHD-02511,48,8,diamond,,Indonesia’s G20 Presidency: Agenda Setting and Rulemaking towards Post-Pandemic Governance,2023.0,Journal of Integrative International Relations,10.15642/jiir.2023.8.2.62-74,open (gold/diamond/green/hybrid),False
GHD-01258,48,3,diamond,scielo_oa_pdf,Dimensões Bioéticas da Cooperação Internacional em Saúde: ainda uma questão polêmica?,2017.0,Ciência & Saúde Coletiva,10.1590/1413-81232017227.02822017,open (gold/diamond/green/hybrid),False
GHD-00241,48,2,diamond,,Addressing Human Security in Japan’s Foreign Policy Towards the Developing Countries,2017.0,Global South Review,10.22146/globalsouth.28835,open (gold/diamond/green/hybrid),False
GHD-02489,48,2,diamond,,India’s Vaccine Diplomacy and Global Health Governance: A Soft Power Approach in the Conte,2024.0,Religion and Policy Journal,10.15575/rpj.v2i1.927,open (gold/diamond/green/hybrid),False
GHD-00066,48,5,green,,"A Chilling Example? Uruguay, Philip Morris International, and WHO's Framework Convention o",2014.0,Medical Anthropology Quarterly,10.1111/maq.12141,open (gold/diamond/green/hybrid),False
GHD-01830,48,2,closed,,Global health and domestic policy – What motivated the development of the German Global He,2015.0,Global Public Health,10.1080/17441692.2015.1094706,non-open (bronze/closed),False
GHD-01253,48,3,gold,,Digital health diplomacy: Regional and global digital health in a post-pandemic world,2024.0,,10.7490/f1000research.1119988.1,open (gold/diamond/green/hybrid),False
GHD-02462,48,3,hybrid,,India's Health Diplomacy: Advancing Pharmaceutical and MedTech Leadership in the Global So,2026.0,World Medical & Health Policy,10.1002/wmh3.70065,open (gold/diamond/green/hybrid),False
GHD-01142,48,2,diamond,,Cuba’s response to COVID-19: lessons for the future,2021.0,Journal of Tourism Futures,10.1108/jtf-10-2020-0187,open (gold/diamond/green/hybrid),False
GHD-02164,48,2,gold,europepmc_fulltextxml,Health Diplomacy and Global Health,2019.0,Revista de Saúde Pública,10.11606/s1518-8787.2019053000936,open (gold/diamond/green/hybrid),False
GHD-01070,48,2,hybrid,,COVID-19 Pandemic in Bangladesh: Our Learning from a Narrative Review,2026.0,Sir Salimullah Medical College Journal,10.3329/ssmcj.v33i2.88655,open (gold/diamond/green/hybrid),False
GHD-00699,48,3,bronze,,Capacity building on health diplomacy: a training experience from Pakistan,2018.0,Eastern Mediterranean Health Journal,10.26719/2018.24.9.933,non-open (bronze/closed),False
GHD-00676,48,4,green,,Can Negotiations at the World Health Organization Lead to a Just Framework for the Prevent,2023.0,SSRN Electronic Journal,10.2139/ssrn.4082856,open (gold/diamond/green/hybrid),False
GHD-02184,48,4,diamond,,Health diplomacy between Brazil and Portugal: partnership with more points of connection t,2026.0,OBSERVATÓRIO DE LA ECONOMÍA LATINOAMERICANA,10.55905/oelv24n4-018,open (gold/diamond/green/hybrid),False
GHD-01680,48,3,gold,,"Foreign Policy, Public Diplomacy, and Social Media",2023.0,Nation State Journal of International Studies,10.24076/nsjis.v6i1.1062,open (gold/diamond/green/hybrid),False
GHD-00763,48,3,diamond,,China-Indonesia Relations: The Debate over Foreign Aid during the COVID-19 Era,2023.0,International Journal of Multicultural and Multireligious Understanding,10.18415/ijmmu.v10i5.4541,open (gold/diamond/green/hybrid),False
GHD-02191,48,2,hybrid,,Health diplomacy in action: The cancer legacy of the Good Friday Agreement,2023.0,Journal of Cancer Policy,10.1016/j.jcpo.2023.100448,open (gold/diamond/green/hybrid),False
GHD-02047,48,2,green,,Governing the UK Contribution to Health Security: in Our National Interest?,2020.0,Research Square,10.21203/rs.3.rs-83030/v1,open (gold/diamond/green/hybrid),False
GHD-04422,48,3,diamond,,"THE GAMBIA-TAIWAN RELATIONS, 1995-2013: YAHYA JAMMEH’S FOREİGN POLICY RATIONALITY",2024.0,Africania,10.58851/africania.1322305,open (gold/diamond/green/hybrid),False
GHD-03165,48,8,hybrid,,Norm Contestation in EU Foreign Policy: The Case of Sexual and Reproductive Health and Rig,2024.0,JCMS Journal of Common Market Studies,10.1111/jcms.13622,open (gold/diamond/green/hybrid),False
GHD-04463,48,4,green,,The Health Silk Road: A Double-Edged Sword? Assessing the Implications of China's Health D,2023.0,Preprints.org,10.20944/preprints202305.0158.v1,open (gold/diamond/green/hybrid),False
GHD-05037,48,2,diamond,,U.S. Health Diplomacy in Afghanistan: A Development Tool in Health System Reconstruction o,2017.0,Journal of International Relations and Foreign Policy,10.15640/jirfp.v5n1a2,open (gold/diamond/green/hybrid),False
GHD-04832,48,3,closed,,"The UK, health and peace-building: the mysterious disappearance of Health as a Bridge for ",2006.0,Medicine Conflict & Survival,10.1080/13623690600620940,non-open (bronze/closed),False
GHD-03483,48,2,closed,,Pox and Proximities,2023.0,Comparative Studies of South Asia Africa and the Middle East,10.1215/1089201x-10892835,non-open (bronze/closed),False
GHD-05154,48,5,diamond,,Vaccine diplomacy during the COVID-19 pandemic on the example of the Republic of Serbia,2021.0,Международные отношения,10.7256/2454-0641.2021.4.36719,open (gold/diamond/green/hybrid),False
GHD-02724,48,3,diamond,,Japan’s Quiet Power: The Case of Tokyo’s Vaccine Diplomacy to Southeast Asia,2022.0,Academic Journal of Interdisciplinary Studies,10.36941/ajis-2022-0113,open (gold/diamond/green/hybrid),False
GHD-02709,48,3,hybrid,,Jalur Sutra Kesehatan: Upaya China Mencapai Kepentingan Geopolitik Melalui Diplomasi Vaksi,2021.0,Transformasi Global,10.21776/ub.jtg.008.02.1,open (gold/diamond/green/hybrid),False
GHD-05082,48,3,bronze,,United States Seeks Answers on COVID-19's Origin While Stepping Up “Vaccine Diplomacy”,2021.0,American Journal of International Law,10.1017/ajil.2021.52,non-open (bronze/closed),False
GHD-02628,48,3,hybrid,,Introduction,2025.0,SpringerBriefs in international relations,10.1007/978-981-96-9314-6_1,open (gold/diamond/green/hybrid),False
GHD-02727,48,2,diamond,,Japan’s vaccine diplomacy policy in Southeast Asia in the COVID-19 pandemic,2022.0,Science & Technology Development Journal - Social Sciences & Humanities,10.32508/stdjssh.v6i1.710,open (gold/diamond/green/hybrid),False
GHD-05276,48,3,diamond,,Who Are Belgrade’s Most Desired Allies?,2021.0,Politeja,10.12797/politeja.18.2021.73.05,open (gold/diamond/green/hybrid),False
GHD-05029,48,2,closed,,U.S. AIDS Policy in Africa: Balancing Competing Interests in PEPFAR Policymaking,2010.0,Palgrave Macmillan US eBooks,10.1057/9780230117303_15,non-open (bronze/closed),False
GHD-03358,48,2,hybrid,,PERFORMANCE PUBLIC POLICY: CHINA IN COVID-19,2024.0,International Journal of Law Ethics and Technology,10.55574/izrc8209,open (gold/diamond/green/hybrid),False
GHD-05011,48,4,diamond,,TURKEY’S POLICY IN THE BALKANS: A FACTOR OF «COVID DIPLOMACY»,2023.0,Scientific and Analytical Herald of IE RAS,10.15211/vestnikieran220233441,open (gold/diamond/green/hybrid),False
GHD-05155,48,7,diamond,,Vaccine diplomacy during the COVID-19 pandemic on the example of the Republic of Serbia,2022.0,SENTENTIA. European Journal of Humanities and Social Sciences,10.25136/1339-3057.2022.1.36731,open (gold/diamond/green/hybrid),False
GHD-02602,48,3,hybrid,,International WHO Initiatives in Pandemic Prevention: Critique and Prospects,2024.0,International Organisations Research Journal,10.17323/1996-7845-2024-03-06,open (gold/diamond/green/hybrid),False
GHD-02793,48,2,green,,Leadership and Health Diplomacy in Malaria Supply Chains: Assessing the Impact of Nigeria’,2025.0,Research Square,10.21203/rs.3.rs-8336046/v1,open (gold/diamond/green/hybrid),False
GHD-05278,48,6,bronze,,"WHO, COVID-19, and Taiwan as the Ghost Island",2021.0,Global Public Health,10.1080/17441692.2021.1890184,non-open (bronze/closed),False
GHD-02583,48,4,hybrid,,International negotiations for a pandemic treaty: A thematic evaluation of 43 member state,2023.0,Global Policy,10.1111/1758-5899.13217,open (gold/diamond/green/hybrid),False
GHD-05003,48,2,diamond,,"Turkey - Africa Institutional Cooperation: Strategic Impacts, Significance and Challenges",2022.0,Mediterranean Journal of Social Sciences,10.36941/mjss-2022-0026,open (gold/diamond/green/hybrid),False
GHD-04987,48,2,hybrid,,Transnationalizing Postcolonial Health: Addressing Shortages through Rajkumari Amrit Kaur’,2025.0,European Journal for the History of Medicine and Health,10.1163/26667711-bja10054,open (gold/diamond/green/hybrid),False
GHD-04489,48,2,diamond,,The Impact of Infectious Diseases on Kenya’s Health Diplomacy; An Inter-State Phenomenon,2020.0,Archives of Business Research,10.14738/abr.82.7807,open (gold/diamond/green/hybrid),False
GHD-03918,48,3,closed,,Shaping Global Health Law through United Nations Governance: The UN High-Level Meeting on ,2023.0,The Journal of Law Medicine & Ethics,10.1017/jme.2024.14,non-open (bronze/closed),False
GHD-05147,48,7,diamond,,Vaccine diplomacy and the South African Sovereignty Maintenance Struggle within BRICS coop,2023.0,Journal of BRICS Studies,10.36615/jbs.v1i2.638,open (gold/diamond/green/hybrid),False
GHD-04115,48,2,gold,,Taiwan&amp;apos;s digital health diplomacy: Policy progress and insights from the conceptu,2024.0,,10.7490/f1000research.1119982.1,open (gold/diamond/green/hybrid),False
GHD-03504,48,2,closed,,"Preserve, Pressure, Protect, and Peel: The US–China Rivalry and the Politics of Vaccine Pr",2026.0,International Studies Quarterly,10.1093/isq/sqag005,non-open (bronze/closed),False
GHD-04079,48,7,gold,europepmc_fulltextxml,"Suboptimal Attainment of Global Goals of Human Rights, Universal Health Coverage and Susta",2024.0,Risk Management and Healthcare Policy,10.2147/rmhp.s488944,open (gold/diamond/green/hybrid),False
GHD-03168,48,2,green,,Normative convergence between global health security and universal health coverage: a qual,2024.0,Research Square,10.21203/rs.3.rs-4864443/v1,open (gold/diamond/green/hybrid),False
GHD-04762,48,12,closed,,The role of non-governmental organizations in global health diplomacy: negotiating the Fra,2010.0,Health Policy and Planning,10.1093/heapol/czq072,non-open (bronze/closed),False
GHD-04583,48,4,hybrid,europepmc_fulltextxml,The Neurosurgeon's Role in Brain Health Diplomacy: The Next Step for Global Neurosurgery,2025.0,World Neurosurgery,10.1016/j.wneu.2024.11.123,open (gold/diamond/green/hybrid),False
GHD-04771,48,2,hybrid,,The role of the United States in shaping youth mental health advocacy and suicide preventi,2024.0,Magna Scientia Advanced Research and Reviews,10.30574/msarr.2024.12.1.0174,open (gold/diamond/green/hybrid),False
GHD-03224,48,4,hybrid,,On the Front Line of Biodefense: The U.S. Department of Health and Human Services Support ,2011.0,Journal of Bioterrorism & Biodefense,10.4172/2157-2526.1000111,open (gold/diamond/green/hybrid),False
GHD-04823,48,2,closed,,The Trump Administration and Climate Policy: The Effects of Right-Wing Populism,2026.0,,10.55271/rp00132,non-open (bronze/closed),False
GHD-04254,48,4,closed,,The Consequences of US Retreat From the Global Health Security Leadership,2025.0,Health Security,10.1089/hs.2025.0055,non-open (bronze/closed),False
GHD-04122,48,3,diamond,,Taiwan’s International Cooperation Development in the Post-COVID Era: Perception and Chall,2025.0,International Journal of Asia Pacific Studies,10.21315/ijaps2025.21.2.15,open (gold/diamond/green/hybrid),False
GHD-04799,48,5,hybrid,,The Smart Power of the United States Under the Presidency of Joe Biden: A Case Study on St,2026.0,Electronic Journal of Business and Management,10.65136/ejbm.v11i2.249,open (gold/diamond/green/hybrid),False
GHD-03550,48,4,closed,,Protecting the Autonomy of States to Enact Tobacco Control Measures Under Trade and Invest,2014.0,SSRN Electronic Journal,10.1136/tobaccocontrol-2014-051853,non-open (bronze/closed),False
GHD-03610,48,4,hybrid,,Quarantine Island: Australia’s Health Policy and Its Construction of International Law,2023.0,The Australian Year Book of International Law Online,10.1163/26660229-04101020,open (gold/diamond/green/hybrid),False
GHD-03461,48,3,hybrid,,Post-Pandemic Reform Discussions in International Health Law: The Reform of the Internatio,2024.0,European Journal of Risk Regulation,10.1017/err.2024.79,open (gold/diamond/green/hybrid),False
GHD-03661,48,6,diamond,,Reframing Global Health Governance: BRICS Impact on South Africa's Pandemic Response and t,2024.0,Business & IT,10.14311/bit.2024.02.07,open (gold/diamond/green/hybrid),False
GHD-03420,48,4,diamond,platform_fetcher_pdf,Political prioritization for digital health and health equity through global health diplom,2024.0,Health Promotion Perspectives,10.34172/hpp.43067,open (gold/diamond/green/hybrid),False
GHD-04232,48,10,closed,,The Changing Landscape of Global Health Diplomacy,2013.0,Rowman & Littlefield Publishers eBooks,10.5771/9781442224841,non-open (bronze/closed),False
GHD-03908,48,2,diamond,,Self-sufficiency challenges of blood products in LMICs and role of diplomacy,2023.0,Berita Kedokteran Masyarakat,10.22146/bkm.v39i05.6922,open (gold/diamond/green/hybrid),False
GHD-03961,48,3,closed,,Social Entrepreneurship,2020.0,,10.1093/oso/9780198852711.003.0007,non-open (bronze/closed),False
GHD-04057,48,2,diamond,,Strategies of Sino-American Rivalry in Africa: From 2000 to COVID-19,2021.0,Vestnik RUDN International Relations,10.22363/2313-0660-2021-21-2-265-278,open (gold/diamond/green/hybrid),False
GHD-03577,48,4,gold,europepmc_fulltextxml,Public health diplomacy: summary of the methods and outcome of the 1st University of Memph,2025.0,Frontiers in Public Health,10.3389/fpubh.2025.1564709,open (gold/diamond/green/hybrid),False
GHD-02056,47,3,diamond,,Government pandemic policies associated with vaccine fund and vaccine diplomacy in respons,2023.0,Ministry of Science and Technology Vietnam,10.31276/vmostjossh.65(1).70-89,open (gold/diamond/green/hybrid),False
GHD-01290,47,2,diamond,,Diplomatic Partnership Building and Transformation of China-Middle East Health Cooperation,2023.0,Chinese Journal of International Review,10.1142/s2630531323500105,open (gold/diamond/green/hybrid),False
GHD-04554,47,2,diamond,,The Media Discourse Construction of ‘A Community of Health for All’,2024.0,The Journal of Medicine Humanity and Media,10.62787/mhm.v2i4.126,open (gold/diamond/green/hybrid),False
GHD-00367,47,2,gold,,Analysis of China's Aggressive Behavior in the South China Sea during the COVID-19 Pandemi,2025.0,Jurnal Public Policy,10.35308/jpp.v11i3.12245,open (gold/diamond/green/hybrid),False
GHD-03682,47,4,diamond,,Relations between Russia and the European Union in the Context of the COVID-19 Pandemic,2022.0,Bulletin of Kemerovo State University,10.21603/2078-8975-2022-24-3-383-390,open (gold/diamond/green/hybrid),False
GHD-04128,47,3,green,,Taking Stakeholder Engagement in International Policy-Making Seriously: Is the WTO Finally,2023.0,Journal of International Economic Law,10.1093/jiel/jgac061,open (gold/diamond/green/hybrid),False
GHD-02486,47,3,hybrid,,India’s Strategic Health Diplomacy Amidst the Global Pandemic: An In-depth Exploration of ,2025.0,Advanced International Journal for Research,10.63363/aijfr.2025.v06i05.1556,open (gold/diamond/green/hybrid),False
GHD-04724,47,3,closed,,The revised International Health Regulations: a framework for global health security,2003.0,International journal of antimicrobial agents,10.1016/s0924-8579(02)00294-7,non-open (bronze/closed),False
GHD-02989,47,11,gold,europepmc_fulltextxml,Minutes to midnight: Turning back the Doomsday Clock through neglected disease vaccine dip,2018.0,PLoS neglected tropical diseases,10.1371/journal.pntd.0006676,open (gold/diamond/green/hybrid),False
GHD-02476,46,3,closed,,"India’s Evolving Foreign Policy: A Confluence of Heritage, Soft Power, and Strategic Pragm",2025.0,Political Discourse,10.5958/2582-2691.2025.00015.1,non-open (bronze/closed),False
GHD-03437,46,2,diamond,,Polityczno-ekonomiczne implikacje epidemii koronawirusa dla Federacji Rosyjskiej,2020.0,Studia Polityczne,10.35757/stp.2020.48.3.05,open (gold/diamond/green/hybrid),False
GHD-02490,46,5,closed,,India’s vaccine diplomacy brings money and influence,2021.0,Emerald Expert Briefings,10.1108/oxan-db260281,non-open (bronze/closed),False
GHD-02411,46,5,diamond,,Impact of the -19 pandemic on the global role of the us,2022.0,Medjunarodni problemi,10.2298/medjp2202233g,open (gold/diamond/green/hybrid),False
GHD-02509,46,2,hybrid,,Indonesian Initiatives on Building Regional Health Regime in Southeast Asia after COVID-19,2024.0,Journal of Strategic Studies & International Affairs,10.17576/sinergi.0401.2024.02,open (gold/diamond/green/hybrid),False
GHD-01281,46,4,gold,,Diplomasi Vaksin Covid-19 Jepang di Vietnam,2023.0,Andalas Journal of International Studies (AJIS),10.25077/ajis.12.2.183-206.2023,open (gold/diamond/green/hybrid),False
GHD-00100,46,2,closed,,A Framework Convention on Alcohol Control: Getting Concrete about Its Contents,2020.0,European Journal of Risk Regulation,10.1017/err.2020.73,non-open (bronze/closed),False
GHD-04429,46,4,diamond,,The Geopolitics of Vaccine Diplomacy: Navigating Sinojapanese Competition in Southeast Asi,2023.0,Social Science Review,10.3329/ssr.v39i2.66298,open (gold/diamond/green/hybrid),False
GHD-04075,46,2,diamond,,"Study of Indonesian Vaccine Diplomacy at Bilateral, Regional, and Multilateral Levels to O",2023.0,KnE Social Sciences,10.18502/kss.v8i5.13000,open (gold/diamond/green/hybrid),False
GHD-01099,45,3,hybrid,,"Creating State Secrets: China, Foreign Policy and Sharing of Epidemiological Data, 1949–19",2026.0,Minerva,10.1007/s11024-025-09623-w,open (gold/diamond/green/hybrid),False
GHD-03835,45,2,gold,europepmc_fulltextxml,Sanctions and sovereignty: Venezuela’s human health crisis,2026.0,Annals of Medicine and Surgery,10.1097/ms9.0000000000004922,open (gold/diamond/green/hybrid),False
GHD-01319,45,5,closed,,Does Health Aid Mitigate Interstate Hostility? Evidence from the US and China,2026.0,Asian Survey,10.1525/as.2026.2885745,non-open (bronze/closed),False
GHD-01351,45,2,closed,,East Africa may face prolonged pandemic,2021.0,Emerald expert briefings,10.1108/oxan-db259963,non-open (bronze/closed),False
GHD-03385,45,2,green,,Philippines,2022.0,Institut de recherche sur l’Asie du Sud-Est contemporaine eBooks,10.4000/books.irasec.4717,open (gold/diamond/green/hybrid),False
GHD-05177,45,3,diamond,,Vaccines with a shot of diplomacy: An analysis of the dynamics of power play between India,2023.0,Journal of Management Research and Analysis,10.18231/j.jmra.2023.037,open (gold/diamond/green/hybrid),False
GHD-00811,45,4,diamond,,China’s COVID-19 Humanitarian Response: A Case Study on Indonesia Through Human Security P,2025.0,Jurnal Global & Strategis,10.20473/jgs.19.1.2025.143-162,open (gold/diamond/green/hybrid),False
GHD-03888,44,3,diamond,,Scrutinizing the Political and Economic Dynamics of China's Distribution of Vaccines in Se,2021.0,Global South Review,10.22146/globalsouth.63086,open (gold/diamond/green/hybrid),False
GHD-05138,44,2,closed,,Vaccine Development Strategies in India and Its Global Impact,2025.0,,10.59317/978935887283507,non-open (bronze/closed),False
GHD-04050,44,3,hybrid,,Strategi Kebijakan Luar Negeri Indonesia dalam Menghadapi Tuberkulosis sebagai Ancaman Kea,2026.0,Transformasi Global,10.21776/ub.jtg.013.01.suppl.5,open (gold/diamond/green/hybrid),False
GHD-01961,44,7,bronze,,Global health in foreign policy--and foreign policy in health? Evidence from the BRICS,2013.0,Health Policy and Planning,10.1093/heapol/czt063,non-open (bronze/closed),False
GHD-02752,44,3,diamond,platform_fetcher_pdf,Kerjasama Bilateral Indonesia-Tiongkok dalam Diplomasi Kesehatan di Masa Pandemi Covid-19,2023.0,SALAM Jurnal Sosial dan Budaya Syar i,10.15408/sjsbs.v10i1.31116,open (gold/diamond/green/hybrid),False
GHD-03339,44,2,closed,,PEDIATRICS AND SOCIETY,1960.0,PEDIATRICS,10.1542/peds.25.1.145,non-open (bronze/closed),False
GHD-03347,44,3,hybrid,,Peran Diplomasi Indonesia dalam Memobilisasi Sumber Daya Filantropi Global untuk Agenda Va,2026.0,Transformasi Global,10.21776/ub.jtg.013.01.suppl.1,open (gold/diamond/green/hybrid),False
GHD-03542,43,3,hybrid,,Promoting Scientific Cooperation in Times of Diplomatic Challenges: Sustained Partnership ,2018.0,PubMed,10.37757/mr2018.v20.n2.5,open (gold/diamond/green/hybrid),False
GHD-04188,43,3,hybrid,,The Beijing Perspective: the Political and Diplomatic Context for Taiwan and the World Hea,2020.0,International Journal of Taiwan Studies,10.1163/24688800-00301004,open (gold/diamond/green/hybrid),False
GHD-01665,43,4,closed,,Foreign Doctors at the Imam's Court: Medical Diplomacy in Yemen's Coffee Era,2015.0,Genre,10.1215/00166928-2884880,non-open (bronze/closed),False
GHD-04845,42,7,diamond,europepmc_fulltextxml,The urgency of improving research infrastructure and institutional frameworks for the next,2024.0,Osong Public Health and Research Perspectives,10.24171/j.phrp.2024.0361,open (gold/diamond/green/hybrid),False
GHD-03787,42,6,diamond,,Role of Indonesia's G20 Presidency in Shaping Global Health Architecture After the Covid-1,2024.0,Journal of International Studies on Energy Affairs,10.51413/jisea.vol5.iss2.2024.162-186,open (gold/diamond/green/hybrid),False
GHD-03476,42,6,closed,,Power of the process: evaluating the impact of the Framework Convention on Tobacco Control,2011.0,"Health policy (Amsterdam, Netherlands)",10.1016/j.healthpol.2010.08.014,non-open (bronze/closed),False
GHD-01081,41,4,gold,,COVID-19 Vaccine Diplomacy: A Computational Multimodal Analysis of the Neighborhood Effect,2025.0,,10.31235/osf.io/eg58k,open (gold/diamond/green/hybrid),False
GHD-02504,41,3,diamond,,Indonesia's South-South and Triangular Cooperation (SSTC) as the Future of Diplomacy for W,2021.0,Global South Review,10.22146/globalsouth.62532,open (gold/diamond/green/hybrid),False
GHD-04945,41,2,green,europepmc_fulltextxml,Towards a common definition of global health,2009.0,The Lancet,10.1016/s0140-6736(09)60332-9,open (gold/diamond/green/hybrid),False
GHD-01364,41,4,diamond,,Economic and Social Impact of Geta Eye Hospital (GEH) on Cross-Border Relations with India,2024.0,Sudurpaschim Spectrum,10.3126/sudurpaschim.v2i2.80413,open (gold/diamond/green/hybrid),False
GHD-01059,41,5,green,platform_fetcher_pmc_text,"COVID-19, China, the World Health Organization, and the Limits of International Health Dip",2020.0,American Journal of Public Health,10.2105/ajph.2020.305796,open (gold/diamond/green/hybrid),False
GHD-04283,40,3,closed,,The Crisis of COVID-19 and the Political Economy of China's Vaccine Diplomacy,2022.0,Foreign Policy Analysis,10.1093/fpa/orac014,non-open (bronze/closed),False
GHD-01277,40,2,closed,,Diplomasi kesehatan: kerjasama indonesia dan amerika serikat dalam menangani wabah pes di ,2021.0,Historiography,10.17977/um081v1i32021p352-360,non-open (bronze/closed),False
GHD-00720,40,2,diamond,,Challenges and perspectives of pharmaceutical services in the context of Brazilian foreign,2026.0,Ciência & Saúde Coletiva,10.1590/1413-81232026311.15122025en,open (gold/diamond/green/hybrid),False
GHD-01205,40,2,diamond,,Desafios e perspectivas da assistência farmacêutica no contexto da política externa brasil,2026.0,Ciência & Saúde Coletiva,10.1590/1413-81232026311.15122025,open (gold/diamond/green/hybrid),False
GHD-05164,39,3,closed,,"Vaccine diplomacy in the era of covid: A framing analysis of news coverage from China, Rus",2025.0,Atlantic Journal of Communication,10.1080/15456870.2025.2543952,non-open (bronze/closed),False
GHD-01664,39,5,closed,,"Foreign Aid, International Organizations, and the World's Children",1999.0,PEDIATRICS,10.1542/peds.103.3.646,non-open (bronze/closed),False
GHD-00498,39,2,gold,europepmc_fulltextxml,Beyond rhetoric in the pandemic treaty: Prioritizing equity and inclusion for marginalized,2023.0,Public Health Challenges,10.1002/puh2.115,open (gold/diamond/green/hybrid),False
GHD-01839,38,2,diamond,scielo_oa_pdf,Global health and health diplomacy,2009.0,Cadernos de saude publica,10.1590/s0102-311x2009001200001,open (gold/diamond/green/hybrid),False
GHD-04913,37,2,diamond,,To the issue of vaccine nationalism in COVID-19 era,2021.0,Law and innovative society,10.37772/2309-9275-2021-2(17)-7,open (gold/diamond/green/hybrid),False
GHD-05170,36,3,closed,,Vaccine diplomacy will earn China friends and money,2021.0,Emerald Expert Briefings,10.1108/oxan-db261517,non-open (bronze/closed),False
GHD-02513,35,3,green,,Indonesia’s Halal Vaccine Diplomacy: A Qualitative Study,2026.0,Research Square,10.21203/rs.3.rs-9409919/v1,open (gold/diamond/green/hybrid),False
GHD-04464,35,2,gold,,The Health Silk Road: A Double-Edged Sword? Assessing the Implications of China’s Health D,2023.0,World,10.3390/world4020021,open (gold/diamond/green/hybrid),False
GHD-04369,34,3,closed,,"The evolution, etiology and eventualities of the global health security regime",2010.0,Health policy and planning,10.1093/heapol/czq037,non-open (bronze/closed),False
GHD-00621,29,3,diamond,platform_fetcher_pmc_text,Bridging health and foreign policy: the role of health impact assessments,2007.0,Bulletin of the World Health Organization,10.2471/blt.06.037077,open (gold/diamond/green/hybrid),False
GHD-02770,24,1,diamond,,"La Reseña de libro: Hotez, Peter J. (2021). Previniendo la siguiente pandemia: diplomacia ",2022.0,Revista Latinoamericana Estudios de la Paz y el Conflicto,10.5377/rlpc.v4i7.15049,open (gold/diamond/green/hybrid),False
GHD-02484,24,1,hybrid,,India’s Neighbourhood Vaccine Diplomacy During COVID-19 Pandemic: Humanitarian and Geopoli,2022.0,Journal of Asian and African Studies,10.1177/00219096221079310,open (gold/diamond/green/hybrid),False
GHD-02754,24,2,diamond,,Kerjasama Indonesia Amerika di bidang Vaksinasi Hingga Peningkatan Neraca Perdagangan,2024.0,Jurnal Multidisiplin Indonesia,10.62007/joumi.v2i2.306,open (gold/diamond/green/hybrid),False
GHD-02750,24,1,diamond,,Kenya’s Participation in Health Negotiations on the Universal Health Coverage Financing Pr,2025.0,Pan-African Journal of Health and Environmental Science,10.56893/ajhes2025v04i02.07,open (gold/diamond/green/hybrid),False
GHD-02736,24,1,bronze,ncbi_pmc_efetch,Juggling demands: Canadian health aid to Latin America since World War II,2006.0,Canadian journal of public health = Revue canadienne de sante publique,10.1007/bf03405237,non-open (bronze/closed),False
GHD-02733,24,1,closed,,"Josep L. Barona, The Rockefeller Foundation, Public Health and International Diplomacy, 19",2017.0,Social History of Medicine,10.1093/shm/hkx088,non-open (bronze/closed),False
GHD-02570,24,2,closed,,International Development Assistance for Health: Ten Priorities for the Next President,2008.0,The Hastings Center Report,10.1353/hcr.0.0061,non-open (bronze/closed),False
GHD-02485,24,4,bronze,ncbi_pmc_efetch,India’s role in COVID-19 vaccine diplomacy,2021.0,Journal of Travel Medicine,10.1093/jtm/taab064,non-open (bronze/closed),False
GHD-02497,24,2,gold,,Indonesia and global health diplomacy: a focus on capacity building,2019.0,The Lancet Global Health,10.1016/s2214-109x(18)30524-2,open (gold/diamond/green/hybrid),False
GHD-02501,24,6,diamond,,Indonesia Interest toward G20 Pandemic Fund: Global Health Diplomacy Perspective,2024.0,Jurnal Hubungan Internasional,10.20473/jhi.v17i1.53539,open (gold/diamond/green/hybrid),False
GHD-02697,24,1,closed,,Israel’s COVID-19 Diplomacy in Sub-Saharan Africa and Central Europe,2023.0,Insight Turkey,10.25253/99.2023251.10,non-open (bronze/closed),False
GHD-02634,24,6,gold,,Introduction: China and the Negotiation of WHO FCTC,2018.0,,10.1007/978-981-10-8315-0_1,open (gold/diamond/green/hybrid),False
GHD-02603,24,3,gold,,‘Internet + healthcare’ empowers China-Africa health cooperation model transformation: a c,2026.0,Cogent Social Sciences,10.1080/23311886.2026.2696127,open (gold/diamond/green/hybrid),False
GHD-02512,24,2,closed,,Indonesia’s G20 presidency: neoliberal policy and authoritarian tendencies,2022.0,Australian Journal Of International Affairs,10.1080/10357718.2022.2070598,non-open (bronze/closed),False
GHD-02578,24,2,diamond,,International Humanitarian Assistance for Health: Türkiye’s Health Diplomacy Practices dur,2024.0,Selçuk İletişim,10.18094/josc.1483614,open (gold/diamond/green/hybrid),False
GHD-03028,24,5,bronze,,Multi-level health governance and health diplomacy,2019.0,Regions & Cohesion,10.3167/reco.2019.090107,non-open (bronze/closed),False
GHD-02567,24,2,closed,,International Considerations,2007.0,,10.1093/acprof:oso/9780195301489.003.0007,non-open (bronze/closed),False
GHD-02784,24,2,closed,,"Latina Province, 1944—1950",2008.0,Journal of Contemporary History,10.1177/0022009408091838,non-open (bronze/closed),False
GHD-02787,24,1,closed,,Law and diplomacy at the World Health Organization,2022.0,Edward Elgar Publishing eBooks,10.4337/9781789908473.00017,non-open (bronze/closed),False
GHD-02456,24,2,closed,,India and the framework convention on tobacco control: the politics of rising power attitu,2022.0,Contemporary South Asia,10.1080/09584935.2022.2059059,non-open (bronze/closed),False
GHD-02936,24,1,closed,,Medical Diplomacy and Iranian Foreign Policy,2021.0,Sociology of Islam,10.1163/22131418-09010001,non-open (bronze/closed),False
GHD-03032,24,1,diamond,,Multilateralism and Human Security: Situating the Nature and Scope of 'Global Health Diplo,2022.0,NUST Journal of International Peace and Stability,10.37540/njips.v5i2.134,open (gold/diamond/green/hybrid),False
GHD-02244,24,2,closed,,Health in All (Foreign) Policy: challenges in achieving coherence,2014.0,Health Promotion International,10.1093/heapro/dau031,non-open (bronze/closed),False
GHD-03022,24,1,diamond,scielo_oa_pdf,Moving towards South-South International Health: debts and challenges in the regional heal,2017.0,Ciência & Saúde Coletiva,10.1590/1413-81232017227.03072017,open (gold/diamond/green/hybrid),False
GHD-02984,24,1,gold,europepmc_fulltextxml,Minds without borders: integrating social psychology into global health diplomacy,2025.0,Frontiers in Public Health,10.3389/fpubh.2025.1667125,open (gold/diamond/green/hybrid),False
GHD-02959,24,1,hybrid,,"Médicos da diáspora de Sudán: leccións sobre diplomacia sanitaria, innovación e localizaci",2026.0,Tempo exterior,10.64130/temex.51.18-28,open (gold/diamond/green/hybrid),False
GHD-02945,24,2,closed,,Medical Education in the United States: A Resource for the Third World?,1984.0,Health Affairs,10.1377/hlthaff.3.1.6,non-open (bronze/closed),False
GHD-02942,24,2,diamond,,Medical Diplomacy: North-South Korea's Diplomatic Rivalry and Medical Cooperation with Thi,2024.0,International Journal of Korean History,10.22372/ijkh.2024.29.1.57,open (gold/diamond/green/hybrid),False
GHD-02926,24,3,gold,,Media debates about China’s role as a global public goods supplier: frame contestation in ,2024.0,Humanities and Social Sciences Communications,10.1057/s41599-024-03848-y,open (gold/diamond/green/hybrid),False
GHD-02455,24,6,closed,,India and the Framework Convention on Tobacco Control,2019.0,Does India Negotiate?,10.1093/oso/9780199496686.003.0002,non-open (bronze/closed),False
GHD-02370,24,1,gold,,Humanitarian Diplomacy of European Union in the 21st Century,2018.0,Nauchnyi Dialog,10.24224/2227-1295-2018-4-191-204,open (gold/diamond/green/hybrid),False
GHD-02773,24,6,closed,,Labels as the <i>Visible</i> Part of International Law’s <i>Invisible</i> Frames,2021.0,,10.1093/oso/9780192847539.003.0009,non-open (bronze/closed),False
GHD-02036,24,2,diamond,,Governança da Saúde Global,2026.0,Brazilian Journal of International Relations,10.36311/2237-7743.2026.v15.e026016,open (gold/diamond/green/hybrid),False
GHD-03046,24,1,closed,,Nancy Brinker's ‘Bridge between Society and Science’ Spans to State Department,2007.0,Oncology Times,10.1097/01.cot.0000310391.95870.0a,non-open (bronze/closed),False
GHD-03054,24,2,hybrid,,National Identities in Global Health: Kenya’s Vaccine Diplomacy During the Covid-19 Pandem,2023.0,African Affairs,10.1093/afraf/adad015,open (gold/diamond/green/hybrid),False
GHD-03116,24,1,diamond,,New Great Power Competition And Covid-19,2021.0,Global Strategic & Securities Studies Review,10.31703/gsssr.2021(vi-iii).01,open (gold/diamond/green/hybrid),False
GHD-03106,24,2,bronze,,Nepal’s Post Pandemic Diplomacy,2021.0,Journal of Foreign Affairs,10.3126/jofa.v1i1.36255,non-open (bronze/closed),False
GHD-02198,24,1,green,,Health Diplomacy in Public Health and Biomedical literature: A Scoping Review of Global Tr,2026.0,Open Science Framework,10.17605/osf.io/bc6qe,open (gold/diamond/green/hybrid),False
GHD-03079,24,1,bronze,,Negotiated Health Diplomacy: A Case Study of the EU and Central Asia,2018.0,The Hague Journal of Diplomacy,10.1163/1871191x-14010032,non-open (bronze/closed),False
GHD-02213,24,1,gold,europepmc_fulltextxml,Health diplomacy through health entrepreneurship: using hackathons to address Palestinian-,2019.0,BMJ Global Health,10.1136/bmjgh-2019-001548,open (gold/diamond/green/hybrid),False
GHD-02225,24,1,closed,,Health Equity in a Globalizing Era,2019.0,,10.1093/oso/9780198835356.001.0001,non-open (bronze/closed),False
GHD-02239,24,2,closed,,"Health, human rights and Australia's foreign policies",2004.0,The Medical Journal of Australia,10.5694/j.1326-5377.2004.tb05857.x,non-open (bronze/closed),False
GHD-03254,24,8,closed,,Oslo Ministerial Declaration--global health: a pressing foreign policy issue of our time,2007.0,"Lancet (London, England)",10.1016/s0140-6736(07)60498-x,non-open (bronze/closed),False
GHD-02087,24,2,closed,,Hashtag framing and stakeholder targeting: An affordance perspective on China’s digital pu,2022.0,Journal of Information Technology & Politics,10.1080/19331681.2022.2096742,non-open (bronze/closed),False
GHD-01901,24,3,closed,,Global health diplomacy: Barriers to inserting health into Canadian foreign policy,2014.0,Global Public Health,10.1080/17441692.2014.928740,non-open (bronze/closed),False
GHD-03290,24,2,green,ncbi_pmc_efetch,"Pandemics, health diplomacy, and peacebuilding",2023.0,International Area Studies Review,10.1177/22338659231156474,open (gold/diamond/green/hybrid),False
GHD-01923,24,2,closed,,Global health diplomacy investments in Afghanistan: adaptations and outcomes of global fun,2014.0,"Medicine, conflict, and survival",10.1080/13623699.2014.874187,non-open (bronze/closed),False
GHD-03469,24,1,diamond,ncbi_pmc_efetch,Power and Agenda-Setting in Tanzanian Health Policy: An Analysis of Stakeholder Perspectiv,2016.0,International journal of health policy and management,10.15171/ijhpm.2016.09,open (gold/diamond/green/hybrid),False
GHD-03449,24,2,closed,,[Position of health at international relations. Part II. Organizational dimensions of heal,2011.0,PubMed,,non-open (bronze/closed),False
GHD-01945,24,1,gold,,"Global health, foreign policy, and agenda setting processes : the European Union as a glob",2016.0,,10.26481/dis.20160217ca,open (gold/diamond/green/hybrid),False
GHD-03446,24,2,hybrid,,‘Port of Spain Declaration’ to ‘Bridgetown Declaration’: Regional Health Diplomacy in Acti,2026.0,United Nations University series on regionalism,10.1007/978-3-032-10550-9_12,open (gold/diamond/green/hybrid),False
GHD-01956,24,2,closed,,Global health governance in a post-COVID world,2022.0,Edward Elgar Publishing eBooks,10.4337/9781800377561.00043,non-open (bronze/closed),False
GHD-02913,24,1,closed,,"Mass Immunization in East Asia and Global Health, 1960–80",2019.0,Cornell University Press eBooks,10.7591/cornell/9781501739989.003.0007,non-open (bronze/closed),False
GHD-01962,24,1,green,,Global health in foreign policy in South Africa – Evidence from state actors,2016.0,UpSpace Institutional Repository (University of Pretoria),10.4119/unibi/seejph-2016-129,open (gold/diamond/green/hybrid),False
GHD-01971,24,2,closed,,Global Health Leadership: Approaches of USA and China,2025.0,World Economy and International Relations,10.20542/0131-2227-2025-69-11-46-54,non-open (bronze/closed),False
GHD-03383,24,2,closed,,"Philanthrocapitalism, past and present: The Rockefeller Foundation, the Gates Foundation, ",2014.0,Hypothesis,10.5779/hypothesis.v12i1.229,non-open (bronze/closed),False
GHD-03379,24,2,hybrid,,"Pharmaceutical Diplomacy in Asia: A Regional Architecture for Health Security, Innovation,",2025.0,International Journal For Multidisciplinary Research,10.36948/ijfmr.2025.v07i05.59070,open (gold/diamond/green/hybrid),False
GHD-01975,24,1,closed,,Global Health Policy in the Second Obama Term,2013.0,Rowman & Littlefield Publishers eBooks,10.5771/9781442224568,non-open (bronze/closed),False
GHD-01270,24,2,diamond,,DIPLOMACY AS AN INSTRUMENT OF GEOPOLITICAL RIVALRY BETWEEN THE USA AND THE RUSSIAN FEDERAT,2024.0,ACTUAL PROBLEMS OF INTERNATIONAL RELATIONS,10.17721/apmv.2024.159.1.29-38,open (gold/diamond/green/hybrid),False
GHD-03336,24,2,hybrid,,Peacebuilding Through Cooperation in Health Care and Public Health Between Israel and Pale,2024.0,Journal of Public Health Management and Practice,10.1097/phh.0000000000001919,open (gold/diamond/green/hybrid),False
GHD-03327,24,1,closed,,"Peace in the Clinic: Rethinking ""Global Health Diplomacy"" in the Somali Region of Ethiopia",2016.0,"Culture, medicine and psychiatry",10.1007/s11013-015-9455-6,non-open (bronze/closed),False
GHD-02044,24,2,closed,,Governing Drugs Globally: The World Health Organization and Public Health in International,2022.0,The Social History of Alcohol and Drugs,10.1086/718332,non-open (bronze/closed),False
GHD-03295,24,1,diamond,,Paradiplomasi Provinsi Jawa Barat terhadap Provinsi Sichuan dalam Menanggulangi Pandemi Co,2021.0,TRANSBORDERS International Relations Journal,10.23969/transborders.v5i1.4733,open (gold/diamond/green/hybrid),False
GHD-02242,24,1,diamond,ncbi_pmc_efetch,Health imperatives in foreign policy: the case of Malaysia,2007.0,Bulletin of the World Health Organization,10.2471/blt.06.037119,open (gold/diamond/green/hybrid),False
GHD-02394,24,1,green,,“I wanted to be a responsible public health professional”: applying serious games for deep,2024.0,medRxiv,10.1101/2024.08.13.24311932,open (gold/diamond/green/hybrid),False
GHD-03563,24,2,closed,,“Public goods” or “diplomatic tools”: a framing research on Chinese and American media rep,2022.0,Media Asia,10.1080/01296612.2022.2081651,non-open (bronze/closed),False
GHD-02911,24,1,diamond,,Mask Diplomacy? Understanding China's Goals in Delivering Medical Aid in the First Wave of,2023.0,Journal of Current Chinese Affairs,10.1177/18681026221139499,open (gold/diamond/green/hybrid),False
GHD-02181,24,1,diamond,,Health Diplomacy as an Instrument of Indonesian Foreign Policy,2021.0,Journal Of Global Strategic Studies,10.36859/jgss.v1i2.849,open (gold/diamond/green/hybrid),False
GHD-03989,24,6,closed,,South-east Asia outbreaks bring risk and opportunity,2021.0,Emerald expert briefings,10.1108/oxan-db261736,non-open (bronze/closed),False
GHD-03824,24,1,diamond,,Russia’s Vaccine Diplomacy in Central Europe: Between a Political Campaign and a Business ,2021.0,Mezinárodní vztahy,10.32422/mv-cjir.1820,open (gold/diamond/green/hybrid),False
GHD-03893,24,1,bronze,,Securing Indo-Pacific health security: Australia’s approach to regional health security,2018.0,Australian Journal Of International Affairs,10.1080/10357718.2018.1534942,non-open (bronze/closed),False
GHD-01520,24,2,hybrid,,Ethnographies of global health governance and diplomacy: A practical guide,2025.0,Annals of Anthropological Practice,10.1111/napa.70014,open (gold/diamond/green/hybrid),False
GHD-03883,24,2,gold,europepmc_fulltextxml,Scoping review of international relations theories in health security: A cue for health di,2024.0,F1000Research,10.12688/f1000research.145568.1,open (gold/diamond/green/hybrid),False
GHD-03868,24,1,diamond,,Science Diplomacy and South-South Cooperation for Emergency Response: The Case of COVID-19,2020.0,JURNAL SOSIAL POLITIK,10.22219/sospol.v6i2.11647,open (gold/diamond/green/hybrid),False
GHD-03856,24,1,gold,europepmc_fulltextxml,Science and the COVID-19 recovery fund: The time for public health and international healt,2021.0,Public Health in Practice,10.1016/j.puhip.2021.100081,open (gold/diamond/green/hybrid),False
GHD-01622,24,1,diamond,,"Features of the Emergence and Re-Emergence of Infectious Diseases, Geopolitics and Gain-of",2022.0,International Journal of Coronaviruses,10.14302/issn.2692-1537.ijcv-21-4044,open (gold/diamond/green/hybrid),False
GHD-01628,24,1,closed,,Fifty Years of Cuba's Medical Diplomacy: From Idealism to Pragmatism,2010.0,Cuban studies,10.1353/cub.2010.a413140,non-open (bronze/closed),False
GHD-01700,24,1,green,,Framing China’s mask diplomacy in Europe during the early covid-19 pandemic: seeking and c,2021.0,Chinese Journal of Communication,10.1080/17544750.2021.2017309,open (gold/diamond/green/hybrid),False
GHD-01347,24,1,diamond,,Dyplomacja Chińskiej Republiki Ludowej w okresie pandemii COVID-19 wobec państw Afryki,2024.0,Politeja,10.12797/politeja.20.2024.89.13,open (gold/diamond/green/hybrid),False
GHD-03575,24,2,,ncbi_pmc_efetch,"Public health diplomacy in an era of complexity, uncertainty, and unpredictability: perspe",2026.0,Frontiers in Public Health,10.3389/fpubh.2026.1880539,unknown,False
GHD-02515,24,1,diamond,,Indonesia’s Leadership through “Vaccine Diplomacy” in Securing National and Global Vaccine,2022.0,JESS (Journal of Education on Social Science),10.24036/jess.v6i02.422,open (gold/diamond/green/hybrid),False
GHD-03597,24,1,closed,,Public-private partnering as a modus operandi: Explaining the Gates Foundation’s approach ,2020.0,Global Public Health,10.1080/17441692.2020.1801790,non-open (bronze/closed),False
GHD-01854,24,1,closed,,Global health context for the military in Defence Engagement (Health),2024.0,BMJ military health,10.1136/military-2023-002374,non-open (bronze/closed),False
GHD-01504,24,1,closed,,Establishing a Pacific Island Trauma System: Saving Lives and Supporting National Security,2025.0,Military Medicine,10.1093/milmed/usaf109,non-open (bronze/closed),False
GHD-01773,24,1,closed,,"Gender, North–South relations: reviewing the Global Gag Rule and the defunding of UNFPA un",2019.0,Third World Quarterly,10.1080/01436597.2019.1668266,non-open (bronze/closed),False
GHD-03535,24,1,diamond,,PROJECTING POWER THROUGH HEALING-INDIA'S VACCINE MAITRI INITIATIVE IN THE GLOBAL SOUTH,2025.0,EPRA International Journal of Multidisciplinary Research (IJMR),10.36713/epra21114,open (gold/diamond/green/hybrid),False
GHD-01860,24,1,closed,,Global Health Diplomacy,2014.0,Oxford Bibliographies in Public Health,10.1093/obo/9780199756797-0101,non-open (bronze/closed),False
GHD-01863,24,4,closed,,Global Health Diplomacy,2023.0,Global Health Law &amp; Policy,10.1093/law/9780197687710.003.0006,non-open (bronze/closed),False
GHD-01803,24,2,bronze,,"Gift, purchase or mask diplomacy? Hesitant reception of China’s face masks during the firs",2024.0,Journal of Contemporary Central and Eastern Europe,10.1080/25739638.2024.2319401,non-open (bronze/closed),False
GHD-01761,24,2,closed,,Future-proofing global health: Governance of priorities,2017.0,Global Public Health,10.1080/17441692.2017.1296172,non-open (bronze/closed),False
GHD-01739,24,3,hybrid,,From strategic autonomy to strategic partnership: <scp>EU</scp>–India relations in health ,2024.0,Global Policy,10.1111/1758-5899.13459,open (gold/diamond/green/hybrid),False
GHD-01283,24,1,diamond,,DIPLOMASI VAKSIN INDONESIA DALAM PROGRAM VAKSINASI NASIONAL,2023.0,SIYAR Journal,10.15642/siyar.2023.3.1.43-62,open (gold/diamond/green/hybrid),False
GHD-01887,24,1,closed,,Global health diplomacy and humanitarian assistance: understanding the intentional divide ,2019.0,Journal of the Royal Army Medical Corps,10.1136/jramc-2018-001030,non-open (bronze/closed),False
GHD-03496,24,1,closed,,Preface,2022.0,,10.1093/oso/9780197603994.002.0008,non-open (bronze/closed),False
GHD-01285,24,2,diamond,,Diplomasi Vaksin: Upaya Cina dalam Menggunakan Vaksin Covid-19 sebagai Alat Soft-Power,2021.0,TRANSBORDERS International Relations Journal,10.23969/transborders.v5i1.4946,open (gold/diamond/green/hybrid),False
GHD-04059,24,1,diamond,,"Strategy to Increase the Availability and Accessibility of Funds for AIDS, Tuberculosis an",2024.0,PROMOTOR,10.32832/pro.v7i6.786,open (gold/diamond/green/hybrid),False
GHD-01730,24,2,closed,,From ‘Integration Project’ to ‘Three-in-One Project’. Family Planning and Health Diplomacy,2025.0,Brepols Publishers eBooks,10.1484/m.sd-eb.5.150710,non-open (bronze/closed),False
GHD-01889,24,2,closed,,Global Health Diplomacy and Management Mechanisms of US-China Public Health Collaborations,2012.0,Journal of Commercial Biotechnology,10.5912/jcb569,non-open (bronze/closed),False
GHD-03917,24,1,closed,,Shaping European Union’s global health initiatives. What role for the European Parliament?,2021.0,Journal of Contemporary European Studies,10.1080/14782804.2021.1933399,non-open (bronze/closed),False
GHD-03981,24,2,diamond,,“Solidarity with Ukraine” — the medical community of the free world supports and helps Ukr,2023.0,Oral and General Health,10.22141/ogh.4.2.2023.163,open (gold/diamond/green/hybrid),False
GHD-02885,24,9,closed,,Making the World Safer and Fairer in Pandemics,2023.0,The Hastings Center Report,10.1002/hast.1538,non-open (bronze/closed),False
GHD-03973,24,1,diamond,,Soft Power and the Rise of India: Global Implications of Narendra Modi’s Foreign Policy,2026.0,UNISCI Journal,10.31439/unisci-254,open (gold/diamond/green/hybrid),False
GHD-02444,24,1,diamond,,Increasing Indonesia-Timor Leste Borders Diplomacy through Community-Based Health Security,2025.0,Jurnal Global Strategis,10.20473/jgs.19.1.2025.67-90,open (gold/diamond/green/hybrid),False
GHD-02819,24,1,gold,europepmc_fulltextxml,"Leveraging research, community and collaboration towards robust COVID-19 mental health res",2023.0,The Lancet Regional Health - Americas,10.1016/j.lana.2023.100440,open (gold/diamond/green/hybrid),False
GHD-01919,24,2,closed,,Global health diplomacy in Iraq: international relations outcomes of multilateral tubercul,2014.0,"Medicine, conflict, and survival",10.1080/13623699.2014.890827,non-open (bronze/closed),False
GHD-03372,24,1,diamond,,"Perspectives in the Emergence and Re-Emergence of Infectious Diseases, Geopolitics and Gai",2022.0,Scholars International Journal of Biochemistry,10.36348/sijb.2022.v05i01.001,open (gold/diamond/green/hybrid),False
GHD-01282,24,2,diamond,,Diplomasi Vaksin Dalam Kerja Sama Indonesia Dengan Tiongkok Di Masa Pandemi Covid-19,2023.0,Papua Journal of Diplomacy and International Relations,10.31957/pjdir.v3i2.2855,open (gold/diamond/green/hybrid),False
GHD-01711,24,1,bronze,,From a National Crisis to Strategic Opportunities? China’s State Response to COVID-19 and ,2021.0,Institute of International Politics ; Economics eBooks,10.18485/iipe_response2covid19.2021.ch24,non-open (bronze/closed),False
GHD-03821,24,4,closed,,Russia’s Africa Policy in the Age of COVID-19,2023.0,Oxford University Press eBooks,10.1093/oso/9780197744598.003.0009,non-open (bronze/closed),False
GHD-03998,24,2,closed,,Sovereignty and international politics in the negotiation of the avian influenza Material ,2009.0,PubMed,,non-open (bronze/closed),False
GHD-03806,24,2,closed,,Russia in the Horn of Africa: Re-engagement in a new strategic environment,2022.0,South African Journal of International Affairs,10.1080/10220461.2022.2149615,non-open (bronze/closed),False
GHD-03796,24,1,gold,,Role of the European Union in global health,2017.0,The Lancet Global Health,10.1016/s2214-109x(17)30212-7,open (gold/diamond/green/hybrid),False
GHD-03750,24,1,diamond,,Rethinking the role of the health sector in peacebuilding and resilience: the Global Healt,2022.0,Eastern Mediterranean Health Journal,10.26719/2022.28.3.173,open (gold/diamond/green/hybrid),False
GHD-01670,24,1,closed,,Foreign Policy as a Tool for Health Negotiations in Promoting Universal Health Coverage in,2026.0,The African Review,10.1163/1821889x-bja10173,non-open (bronze/closed),False
GHD-03747,24,1,diamond,,Rethinking Medical Diplomacy as a Part of the Public Diplomacy: The Case of China,2023.0,Nusantara Science and Technology Proceedings,10.11594/nstp.2023.3401,open (gold/diamond/green/hybrid),False
GHD-04001,24,1,diamond,,Soviet healthcare as a tool of USSR cultural diplomacy in Iran in the 1920–1940s,2026.0,Izvestiya of Saratov University History International Relations,10.18500/1819-4907-2026-26-1-23-30,open (gold/diamond/green/hybrid),False
GHD-01343,24,1,diamond,,Dynamics and Trends in Vaccine Procurement and Distribution in Zimbabwe,2021.0,International Journal of Humanities Management and Social Science (IJ-HuMaSS),10.36079/lamintang.ij-humass-0402.289,open (gold/diamond/green/hybrid),False
GHD-01492,24,1,hybrid,,‘EQUITY’ IN THE PANDEMIC TREATY: THE FALSE HOPE OF ‘ACCESS AND BENEFIT-SHARING’,2023.0,International and Comparative Law Quarterly,10.1017/s0020589323000350,open (gold/diamond/green/hybrid),False
GHD-01695,24,1,closed,,Four Principles For Expanding PEPFAR’s Role As A Vital Force In US Health Diplomacy Abroad,2012.0,Health Affairs,10.1377/hlthaff.2012.0204,non-open (bronze/closed),False
GHD-01697,24,3,bronze,,Framework convention on tobacco control: 10 years of the pioneering global health instrume,2015.0,European Journal of Public Health,10.1093/eurpub/ckv178,non-open (bronze/closed),False
GHD-03706,24,2,gold,europepmc_fulltextxml,Reprising the globalization dimensions of international health,2018.0,Globalization and Health,10.1186/s12992-018-0368-3,open (gold/diamond/green/hybrid),False
GHD-03702,24,1,green,,"Replication Data Foreign Aid, Foreign Policy, and Government Legitimacy: Experimental Evid",2017.0,Harvard Dataverse,10.7910/dvn/ltppvh,open (gold/diamond/green/hybrid),False
GHD-03699,24,1,green,,"Replication Data for: Preserve, Pressure, Protect, and Peel: The US–China Rivalry and the ",2026.0,Harvard Dataverse,10.7910/dvn/6grhdt,open (gold/diamond/green/hybrid),False
GHD-03694,24,3,hybrid,,Reorientasi Kerja Sama Pembangunan Internasional Indonesia (Studi People-Centered Developm,2026.0,Transformasi Global,10.21776/ub.jtg.013.01.suppl.7,open (gold/diamond/green/hybrid),False
GHD-01698,24,1,closed,,Framework Convention on Tobacco Control Signed; Countries Consider Plan's Implementation,2003.0,JNCI Journal of the National Cancer Institute,10.1093/jnci/95.13.935,non-open (bronze/closed),False
GHD-03822,24,1,bronze,,Russia’s and China’s Vaccine Diplomacy in Central and Eastern Europe,2022.0,Copernicus Political and Legal Studies,10.15804/cpls.20221.01,non-open (bronze/closed),False
GHD-03823,24,1,diamond,,Russia’s Vaccine Diplomacy in Central Europe,2021.0,Mezinárodní vztahy,10.32422/cjir.35,open (gold/diamond/green/hybrid),False
GHD-03991,24,2,green,,"South korean government under the former ceo, president lee myung-bak",2008.0,DOAJ (DOAJ: Directory of Open Access Journals),10.5209/rev_unis.2008.n18.28761,open (gold/diamond/green/hybrid),False
GHD-01517,24,1,diamond,,Ethiopia and Health Diplomacy during the COVID-19 Pandemic,2020.0,Jurnal Global & Strategis,10.20473/jgs.14.2.2020.437-450,open (gold/diamond/green/hybrid),False
GHD-01449,24,1,closed,,Emerging Powers and Global Health Governance,2018.0,The Oxford Handbook of Global Health Politics,10.1093/oxfordhb/9780190456818.013.19_update_001,non-open (bronze/closed),False
GHD-01450,24,1,closed,,Emerging Powers and Global Health Governance: The Case of BRICS Countries,2018.0,The Oxford Handbook of Global Health Politics,10.1093/oxfordhb/9780190456818.013.19,non-open (bronze/closed),False
GHD-01480,24,1,hybrid,,Environmental Health Perspectives on the Emergence and Re-Emergence of Infectious Diseases,2021.0,Journal of Biomedical Research & Environmental Sciences,10.37871/jbres1386,open (gold/diamond/green/hybrid),False
GHD-03137,24,2,closed,,New WHO chief pledges to strengthen fundraising capacity,2017.0,BMJ,10.1136/bmj.j2569,non-open (bronze/closed),False
GHD-04786,24,3,hybrid,,The <scp>WHO</scp> Pandemic Agreement Negotiation: Introducing a New Database ( <i>The Pan,2026.0,Global Policy,10.1111/1758-5899.70140,open (gold/diamond/green/hybrid),False
GHD-02179,24,1,gold,,Health Diplomacy as a Tool to Build Resilient Health Systems in Conflict Settings—A Case o,2023.0,Sustainability,10.3390/su151813625,open (gold/diamond/green/hybrid),False
GHD-05080,24,6,green,ncbi_pmc_efetch,United States and Germany are keen to see tobacco agreement watered down,2003.0,BMJ,10.1136/bmj.326.7398.1055-a,open (gold/diamond/green/hybrid),False
GHD-04292,24,1,closed,,The Determinants of Chinese Foreign Aid: Case of Mozambique,2022.0,동서연구,10.29274/ews.2022.34.4.31,non-open (bronze/closed),False
GHD-01056,24,3,closed,,COVID-19 and Taiwan's Bid to Re-enter the WHA: Contexts and Implications,2020.0,,10.30402/eas.202006_51(1).0001,non-open (bronze/closed),False
GHD-01053,24,2,green,,COVID-19 and international travel restrictions: the geopolitics of health and tourism,2020.0,Tourism Geographies,10.1080/14616688.2020.1833972,open (gold/diamond/green/hybrid),False
GHD-04290,24,1,green,,"The Deficit, Foreign Policy and Defunding USAID",2011.0,Columbia Academic Commons (Columbia University),10.7916/d8rv0z3d,open (gold/diamond/green/hybrid),False
GHD-04288,24,1,green,,"The decline of Brazil in the global health field: Rupture, loss, and reversal of leadershi",2022.0,Latin American Policy,10.1111/lamp.12274,open (gold/diamond/green/hybrid),False
GHD-04281,24,1,diamond,,The Crises and Agony of International Development Cooperation: Consequences for Brazilian ,2025.0,Contexto Internacional,10.1590/s0102-8529.20254701e20230026,open (gold/diamond/green/hybrid),False
GHD-04280,24,2,closed,,The Covid‐19 Pandemic and Iranian Health Diplomacy,2021.0,Middle East Policy,10.1111/mepo.12592,non-open (bronze/closed),False
GHD-01112,24,1,diamond,,Cross-Border Health Policy and Emerging Infectious Diseases: The Science and Diplomacy Int,2026.0,Life and Science,10.37185/lns.1.1.1131,open (gold/diamond/green/hybrid),False
GHD-04737,24,4,gold,,The rise of global health diplomacy: An interdisciplinary concept linking health and inter,2017.0,Indian Journal of Public Health,10.4103/ijph.ijph_67_16,open (gold/diamond/green/hybrid),False
GHD-04556,24,2,closed,,The Medical Department in Military Operations Other Than War. Part II: Medical Civic Assis,1999.0,Military Medicine,10.1093/milmed/164.9.619,non-open (bronze/closed),False
GHD-00923,24,1,diamond,,Comparative analysis of healthcare systems in the Horn of Africa and the evaluation of Tür,2024.0,African Journal of Reproductive Health,10.29063/ajrh2024/v28i8.9,open (gold/diamond/green/hybrid),False
GHD-00396,24,2,closed,,Appendix: Foreign Leadership and Medical Intelligence: The Shah of Iran and the Carter Adm,2007.0,,10.1017/cbo9780511756177.009,non-open (bronze/closed),False
GHD-00424,24,2,diamond,,As relações entre Brasil e Cuba: das vantagens econômicas à retração política,2018.0,Brazilian Journal of International Relations,10.36311/2237-7743.2017.v6n3.04.p468,open (gold/diamond/green/hybrid),False
GHD-00426,24,9,green,,Asian Contributions to Three Instruments of Global Health Governance,2012.0,Global Policy,10.1111/j.1758-5899.2012.00174.x,open (gold/diamond/green/hybrid),False
GHD-00433,24,1,gold,,"Assessing Policies, Practices and Impact of Actions and Policies in Handling Covid-19 Pand",2022.0,Journal of Islamic World and Politics,10.18196/jiwp.v6i1.12742,open (gold/diamond/green/hybrid),False
GHD-01133,24,1,gold,europepmc_fulltextxml,Cuban health diplomacy: Focused on international cooperation. A comment on Chattu et al.,2019.0,Journal of Education and Health Promotion,10.4103/jehp.jehp_459_19,open (gold/diamond/green/hybrid),False
GHD-00435,24,1,hybrid,,"Assessment of access to health products, technologies and services among the BRICS through",2023.0,Seven Editora eBooks,10.56238/globalhealthprespesc-067,open (gold/diamond/green/hybrid),False
GHD-00447,24,2,closed,,Attempts to undermine global public health: observations from the WHO Framework Convention,2024.0,Health Promotion International,10.1093/heapro/daae038,non-open (bronze/closed),False
GHD-00466,24,1,closed,,Back matter,2020.0,Journal of Migration History,10.1163/24688800-00302016,non-open (bronze/closed),False
GHD-00495,24,2,green,,Beyond Crisis Response: Why Africa Must Strengthen its Health Diplomacy for the Future,2026.0,Open MIND,10.5281/zenodo.21754353,open (gold/diamond/green/hybrid),False
GHD-00510,24,1,bronze,,Biden Hears a WHO,2023.0,Public Culture,10.1215/08992363-10742467,non-open (bronze/closed),False
GHD-00525,24,1,hybrid,,"Bioinformational diplomacy: Global health emergencies, data sharing and sequential life",2021.0,European Journal of International Relations,10.1177/13540661211008204,open (gold/diamond/green/hybrid),False
GHD-04972,24,3,closed,,Training local researchers in poor countries is the best way to improve health worldwide,2008.0,BMJ,10.1136/bmj.a2620,non-open (bronze/closed),False
GHD-00599,24,1,green,,Brazil's engagement in health co-operation: what can it contribute to the global health de,2013.0,Health Policy and Planning,10.1093/heapol/czt014,open (gold/diamond/green/hybrid),False
GHD-04963,24,1,green,,Trade and tobacco control: the World Trade Organization and the framework convention on to,2017.0,Monash University,10.26180/4530671,open (gold/diamond/green/hybrid),False
GHD-04959,24,1,hybrid,,Track II diplomacy meets action research: fostering collaborative foreign policy between T,2025.0,Third World Quarterly,10.1080/01436597.2025.2556319,open (gold/diamond/green/hybrid),False
GHD-00602,24,2,closed,,Brazilian Pharmaceutical Diplomacy: Social Democratic Principles versus Soft Power Interes,2013.0,International Journal of Health Services,10.2190/hs.43.1.f,non-open (bronze/closed),False
GHD-00603,24,1,gold,,Brazilian’s Foreign Policy and Health (1995-2010): A policy analysis of the Brazilian Heal,2022.0,,10.1590/scielopreprints.4763,open (gold/diamond/green/hybrid),False
GHD-05102,24,1,closed,,US-Africa trade policy will tread a beaten path,2021.0,Emerald expert briefings,10.1108/oxan-db266027,non-open (bronze/closed),False
GHD-00371,24,1,diamond,,Analysis of Leadership Skills in Global Health Diplomacy: A Study of International Health ,2024.0,International Journal of Leadership and Governance,10.47604/ijlg.2888,open (gold/diamond/green/hybrid),False
GHD-02178,24,1,green,,Health Diplomacy as a Tool to build resilient health systems in Conflict Settings – A Case,2023.0,Preprints.org,10.20944/preprints202307.1701.v1,open (gold/diamond/green/hybrid),False
GHD-01124,24,1,diamond,,Cuba – Asia y Oceanía: historical relations,2021.0,Cuadernos Iberoamericanos,10.46272/2409-3416-2020-8-4-79-91,open (gold/diamond/green/hybrid),False
GHD-00170,24,1,bronze,,"A Rockefeller Foundation Health Primer for US-Occupied Nicaragua, 1914–1928",2008.0,Canadian Journal of Health History,10.3138/cbmh.25.1.43,non-open (bronze/closed),False
GHD-04527,24,1,closed,,The international migration of dentists: directions for research and policy,2016.0,Community Dentistry And Oral Epidemiology,10.1111/cdoe.12223,non-open (bronze/closed),False
GHD-01072,24,2,green,,"COVID-19 Pandemic, The World Health Organization, and Global Health Policy",2021.0,Pace international law review,10.58948/2331-3536.1408,open (gold/diamond/green/hybrid),False
GHD-04524,24,1,closed,,The International Atomic Energy Agency's Activities in Radiation Medicine and Cancer: Prom,2012.0,Canadian Association of Radiologists Journal,10.1016/j.carj.2011.12.001,non-open (bronze/closed),False
GHD-01187,24,2,closed,,DEEPENING INFORMAL-CONSULTATIVE GOVERNANCE IN CHINA’S RELATIONSHIP WITH ASEAN MEMBERS DURI,2024.0,Asian Affairs,10.1080/03068374.2024.2323995,non-open (bronze/closed),False
GHD-04465,24,1,diamond,,The health Silk Road: China's vaccine diplomacy in Southeast Asia,2022.0,Science & Technology Development Journal - Social Sciences & Humanities,10.32508/stdjssh.v6i3.743,open (gold/diamond/green/hybrid),False
GHD-04244,24,1,closed,,"The Cold War, Non-Alignment, and Medicine in India",2023.0,,10.4324/9781003332060-3,non-open (bronze/closed),False
GHD-04236,24,1,diamond,,The Chinese Diplomacy and the Battle for Truth During the COVID-19 Pandemic,2021.0,Estudios Internacionales,10.5354/0719-3769.2021.58888,open (gold/diamond/green/hybrid),False
GHD-01210,24,1,green,,Designing Compliance Machinery for a New Pandemic Treaty: Lessons from the Paris Agreement,2022.0,SSRN Electronic Journal,10.2139/ssrn.4058678,open (gold/diamond/green/hybrid),False
GHD-04226,24,1,gold,,The Challenges and Facilitating Factors for International Cooperation on HIV/AIDS Preventi,2014.0,,10.25904/1912/10,open (gold/diamond/green/hybrid),False
GHD-04497,24,4,diamond,,The Impact of the Global Pandemic COVID-19 in Relation to Diplomatic Practice: Ethio-China,2021.0,Journal of Political Science and International Relations,10.11648/j.jpsir.20210404.13,open (gold/diamond/green/hybrid),False
GHD-01222,24,1,closed,,Developing countries are not making the most of TRIPS flexibilities because of political p,2011.0,BMJ,10.1136/bmj.d7706,non-open (bronze/closed),False
GHD-04216,24,3,diamond,,The Case for a Reciprocal Health Care Agreement between Australia and South Korea,2021.0,Asia Pacific Journal of Health Management,10.24083/apjhm.v16i1.505,open (gold/diamond/green/hybrid),False
GHD-01219,24,1,closed,,Developing a Global Health Diplomacy Supply Chain—A Viable Option for the United States to,2009.0,Journal of Health Communication,10.1080/10810730903204288,non-open (bronze/closed),False
GHD-04269,24,1,hybrid,,The COVID-19 Health Crisis and Its Impact on China’s International Relations,2022.0,Journal of risk and financial management,10.3390/jrfm15030123,open (gold/diamond/green/hybrid),False
GHD-01249,24,3,diamond,europepmc_fulltextxml,Digital health diplomacy and universal health coverage,2025.0,Bulletin of the World Health Organization,10.2471/blt.24.291846,open (gold/diamond/green/hybrid),False
GHD-04532,24,2,hybrid,,The Intersection of Health Economics and International Relations: Implications for Global ,2025.0,IntechOpen eBooks,10.5772/intechopen.1007892,open (gold/diamond/green/hybrid),False
GHD-04441,24,2,green,ncbi_pmc_efetch,The globalization of public health: the first 100 years of international health diplomacy.,2001.0,PubMed,,open (gold/diamond/green/hybrid),False
GHD-00966,24,1,closed,,"Confronting Health Inequalities in the BRICS: Political Institutions, Foreign Policy Aspir",2016.0,Global Policy,10.1111/1758-5899.12340,non-open (bronze/closed),False
GHD-01255,24,2,hybrid,,Digital Norm Contestation and Feminist Foreign Policy,2023.0,International Studies Perspectives,10.1093/isp/ekad017,open (gold/diamond/green/hybrid),False
GHD-01042,24,1,bronze,,COVID-19 &amp; feminist foreign policy: Canada’s comparative advantage,2021.0,Canadian Foreign Policy Journal,10.1080/11926422.2021.1969971,non-open (bronze/closed),False
GHD-01176,24,2,diamond,,Decentralization as Decolonization: The Emerging Multipolar Order of Global Health Securit,2026.0,AJIL Unbound,10.1017/aju.2026.10060,open (gold/diamond/green/hybrid),False
GHD-04273,24,6,diamond,,The COVID-19 Pandemic and Access to Vaccination in Bangladesh: a Critical Review,2022.0,Health Economics and Management Review,10.21272/hem.2022.3-09,open (gold/diamond/green/hybrid),False
GHD-04384,24,1,diamond,,The First Cuban Medical Brigade in Algeria in 1963,2026.0,Études caribéennes,10.4000/15qcm,open (gold/diamond/green/hybrid),False
GHD-01078,24,2,closed,,COVID-19 to end Cuban economic reform,2020.0,Emerald expert briefings,10.1108/oxan-db251658,non-open (bronze/closed),False
GHD-01090,24,1,gold,,COVID-19 Vaccines and the Case for a New Global Health Diplomacy,2021.0,HPHR Journal,10.54111/0001/cc8,open (gold/diamond/green/hybrid),False
GHD-01065,24,1,closed,,COVID-19 Pandemic and India’s Regional Diplomacy,2021.0,South Asian Survey,10.1177/0971523121999293,non-open (bronze/closed),False
GHD-01092,24,4,hybrid,,COVID VACCINE DIPLOMACY ACROSS THE GLOBE: A STUDY OF THE GLOBAL SOUTH,2022.0,International Journal of Advanced Research,10.21474/ijar01/15223,open (gold/diamond/green/hybrid),False
GHD-04428,24,1,bronze,,The Geopolitics of Public Health and China’s Digital Silk Road in Asia,2023.0,Asiascape Digital Asia,10.1163/22142312-bja10046,non-open (bronze/closed),False
GHD-04351,24,1,bronze,,The European Commission in Covid-19 vaccine cooperation: leadership vs coronationalism?,2022.0,Journal of European Public Policy,10.1080/13501763.2022.2064900,non-open (bronze/closed),False
GHD-04551,24,1,closed,,The Maturing of MEDRETEs,1993.0,Military Medicine,10.1093/milmed/158.8.573,non-open (bronze/closed),False
GHD-01058,24,1,diamond,,COVID-19 AS THE MAGNIFYING GLASS OF CHINA’S FOREIGN POLICY FOR A NEW ERA,2022.0,TEME,10.22190/teme220306037m,open (gold/diamond/green/hybrid),False
GHD-05120,24,1,closed,,Use of Mobile Phones as a Tool for United States Health Diplomacy Abroad,2010.0,Telemedicine Journal and e-Health,10.1089/tmj.2009.0095,non-open (bronze/closed),False
GHD-04443,24,1,hybrid,,The globalization of science diplomacy in the early 1970s: a historical exploration,2023.0,Science and Public Policy,10.1093/scipol/scad026,open (gold/diamond/green/hybrid),False
GHD-00040,24,1,bronze,,6.E. Round table: Governance and diplomacy of climate health adaptation: roles for public ,2021.0,European Journal of Public Health,10.1093/eurpub/ckab164.420,non-open (bronze/closed),False
GHD-00758,24,4,diamond,,China-EU Two-level Cooperation and Challenges on Public Health during the COVID-19,2021.0,Security science journal,10.37458/ssj.2.2.9,open (gold/diamond/green/hybrid),False
GHD-04760,24,1,diamond,,The Role of Moral Foundations and Attitudinal Motivations in the Chinese's Support for Chi,2022.0,Journal of Current Chinese Affairs,10.1177/18681026221135098,open (gold/diamond/green/hybrid),False
GHD-04773,24,1,hybrid,,The Role of “Vaccine Diplomacy” in the Foreign Policy of the People's Republic of China,2022.0,Известия Иркутского государственного университета. Серия: Политология. Религиоведение,10.26516/2073-3380.2022.40.48,open (gold/diamond/green/hybrid),False
GHD-00650,24,2,diamond,,"Burocracias, política externa e saúde global",2026.0,Brazilian Journal of International Relations,10.36311/2237-7743.2026.v15.e026022,open (gold/diamond/green/hybrid),False
GHD-04870,24,2,green,,The WHO framework convention on tobacco control : a case study in foreign policy and healt,2025.0,Graduate Institute Geneva Institutional Repository (Graduate Institute of International and Development Studies),10.71609/iheid-4efr-vs42,open (gold/diamond/green/hybrid),False
GHD-00651,24,2,closed,,Bush Aide Blocked Report: Global Health Draft in 2006 Rejected for Not Being Political,2007.0,International Journal of Health Services,10.2190/hs.38.1.l,non-open (bronze/closed),False
GHD-04905,24,1,green,,Time to tackle rheumatic heart disease: Data needed to drive global policy dialogues,2018.0,Global Public Health,10.1080/17441692.2018.1515970,open (gold/diamond/green/hybrid),False
GHD-00714,24,1,diamond,,Centralized and Decentralized Supplies of COVID-19 Vaccines to Developing Countries: Both ,2022.0,KOKUSAI KEIZAI,10.5652/kokusaikeizai.kk2022.f06,open (gold/diamond/green/hybrid),False
GHD-04891,24,1,closed,,The World Health Organization: Promotion of US and Soviet Foreign Policy Goals,1963.0,JAMA,10.1001/jama.1963.03710010063010,non-open (bronze/closed),False
GHD-04888,24,2,hybrid,,The World Health Organization and the Struggle to Coordinate Global Health Research,2025.0,Minerva,10.1007/s11024-025-09586-y,open (gold/diamond/green/hybrid),False
GHD-04876,24,1,gold,europepmc_fulltextxml,The WHO simulation initiative: improving global health partnerships,2013.0,Philosophy Ethics and Humanities in Medicine,10.1186/1747-5341-8-6,open (gold/diamond/green/hybrid),False
GHD-04871,24,2,closed,,The WHO Framework Convention on Tobacco Control and the Tobacco Free Initiative,2014.0,Edward Elgar Publishing eBooks,10.4337/9781783471522.00008,non-open (bronze/closed),False
GHD-04850,24,1,diamond,,The USA direct health assistance foreign policy: making a case for Africa,2025.0,Discover Public Health,10.1186/s12982-025-01120-5,open (gold/diamond/green/hybrid),False
GHD-04848,24,1,closed,,The US President's Emergency Plan for AIDS Relief: Negotiating a Recreation in Global Heal,2011.0,Global health diplomacy,10.1142/9789814368049_0015,non-open (bronze/closed),False
GHD-04837,24,3,closed,,The United Nations Draft Treaty on Business and Human Rights: an analysis of its emergence,2022.0,Edward Elgar Publishing eBooks,10.4337/9781788979832.00009,non-open (bronze/closed),False
GHD-04824,24,1,bronze,,"The Trump administration, the far-right and world politics",2021.0,Globalizations,10.1080/14747731.2021.1991660,non-open (bronze/closed),False
GHD-04572,24,1,closed,,The Mutual Influence of the World Health Organization (WHO) and Twitter Users During COVID,2021.0,,10.2196/preprints.34321,non-open (bronze/closed),False
GHD-00759,24,1,closed,,China in Global Health,2022.0,Cambridge University Press eBooks,10.1017/9781009042666,non-open (bronze/closed),False
GHD-00772,24,4,diamond,,China's COVID-19 Vaccine Diplomacy as China's Effort in Increasing Its Influence in the AS,2021.0,Journal of ASEAN Dynamics and Beyond,10.20961/aseandynamics.v2i1.52693,open (gold/diamond/green/hybrid),False
GHD-04809,24,2,gold,europepmc_fulltextxml,The state inoculates: vaccines as soft power,2021.0,The Lancet Global Health,10.1016/s2214-109x(21)00091-7,open (gold/diamond/green/hybrid),False
GHD-04102,24,2,green,,System Rivalry during Pandemic Times: An Institutional Political Economy View of Great Pow,2021.0,SSRN Electronic Journal,10.2139/ssrn.3873029,open (gold/diamond/green/hybrid),False
GHD-02516,24,2,bronze,,INDONESIA’S STRATEGIES IN DEVELOPING COVID-19 VACCINE: FROM THE PERSPECTIVES OF MODERATE V,2024.0,Turkish Academy of Sciences eBooks,10.53478/tuba.978-625-6110-04-5.ch25,non-open (bronze/closed),False
GHD-04100,24,4,green,,"Synergies and Fragmentation in Country Level Policy and Program Agenda Setting, Formulatio",2020.0,Research Square,10.21203/rs.3.rs-125118/v1,open (gold/diamond/green/hybrid),False
GHD-03279,24,1,diamond,,Pandemic Experiences and the Possibility of Global Health Diplomacy,2021.0,Millennium Journal of Humanities and Social Sciences,10.47340/mjhss.v2i1.5.2021,open (gold/diamond/green/hybrid),False
GHD-02134,24,1,hybrid,,Health as a bridge to peace in Myanmar’s Kayin State: ‘working encounters’ for community d,2020.0,Third World Quarterly,10.1080/01436597.2020.1829970,open (gold/diamond/green/hybrid),False
GHD-02158,24,1,bronze,ncbi_pmc_efetch,Health diplomacy across borders: the case of yellow fever and COVID-19,2020.0,Journal of Travel Medicine,10.1093/jtm/taaa112,non-open (bronze/closed),False
GHD-03241,24,3,gold,,Operationalizing Global Health and Peace for Health Security and Solidarity: Does this App,2024.0,,10.22541/au.171237978.89966988/v1,open (gold/diamond/green/hybrid),False
GHD-02163,24,2,hybrid,europepmc_fulltextxml,Health Diplomacy and Ethical Considerations for Deployed Military Clinicians Managing Tens,2026.0,Developing World Bioethics,10.1111/dewb.70040,open (gold/diamond/green/hybrid),False
GHD-03235,24,3,closed,,Oops! … EU Did It Again! The EU’s Preference for Global Treaties <i>vis-a-vis</i> the Real,2023.0,The International Spectator,10.1080/03932729.2023.2263350,non-open (bronze/closed),False
GHD-02168,24,1,diamond,,Health Diplomacy and Regional Integration in West Africa: The West African Health Organiza,2020.0,Journal of International Studies,10.32890/jis.9.2013.7936,open (gold/diamond/green/hybrid),False
GHD-00064,24,2,green,,A case study of the expanding role of the OECD in global health governance: combining publ,2014.0,Edward Elgar Publishing eBooks,10.4337/9781783477807.00024,open (gold/diamond/green/hybrid),False
GHD-00908,24,4,closed,,Combating Counterfeit Medicines and Illicit Trade in Tobacco Products: Minefields in Globa,2012.0,The Journal of Law Medicine & Ethics,10.1111/j.1748-720x.2012.00667.x,non-open (bronze/closed),False
GHD-04569,24,1,hybrid,,The Multiple Meanings of ‘Delinking’ and ‘Decoupling’ to Describe Multilateral Access and ,2026.0,Transnational Environmental Law,10.1017/s2047102526100296,open (gold/diamond/green/hybrid),False
GHD-04581,24,4,closed,,The Negotiation of the WHO Framework Convention on Tobacco Control,2024.0,Cambridge University Press eBooks,10.1017/9781009354394.005,non-open (bronze/closed),False
GHD-00615,24,1,diamond,platform_fetcher_pmc_text,BRICS’ contributions to the global health agenda,2014.0,Bulletin of the World Health Organization,10.2471/blt.13.127944,open (gold/diamond/green/hybrid),False
GHD-05286,24,2,green,,Who makes international law? How the World Health Organization changed the regulation of i,2014.0,,10.5287/ora-j5kod7xe1,open (gold/diamond/green/hybrid),False
GHD-00083,24,1,bronze,,A Cost Analysis of Training Expenses versus the Value of Medical Care Provided during West,2006.0,Military Medicine,10.7205/milmed.171.12.1225,non-open (bronze/closed),False
GHD-05277,24,6,hybrid,,WHO at sea: Maritime dimensions of the proposed pandemic treaty and changes to the Interna,2023.0,Marine Policy,10.1016/j.marpol.2023.105918,open (gold/diamond/green/hybrid),False
GHD-00123,24,1,bronze,ncbi_pmc_efetch,A million-dose success for Nepal: insights from Nepal’s national vaccine deployment plan a,2021.0,Journal of Travel Medicine,10.1093/jtm/taab027,non-open (bronze/closed),False
GHD-00133,24,1,bronze,,A New Dimension of International Relations: The Role of Science Diplomacy in Jordan’s Resp,2023.0,Journal of the Faculties of Arts,10.51405/20.1.10,non-open (bronze/closed),False
GHD-00183,24,1,green,ncbi_pmc_efetch,A Study on the Key Elements of Bangladesh’s Vaccine Diplomacy During COVID-19,2023.0,Journal of Asian and African Studies,10.1177/00219096231179659,open (gold/diamond/green/hybrid),False
GHD-00361,24,2,diamond,,Analisis Strategi Diplomasi Vaksin Multijalur Indonesia dalam Upaya Mengatasi Pandemi Covi,2022.0,Jurnal Ilmu Hubungan Internasional Lino.,10.31605/lino.v2i2.1614,open (gold/diamond/green/hybrid),False
GHD-00198,24,1,bronze,,(A256) Public Health: A Portal to Peace,2011.0,Prehospital and Disaster Medicine,10.1017/s1049023x11002408,non-open (bronze/closed),False
GHD-00217,24,1,gold,,Access and Benefit-Sharing Isn’t Equity,2024.0,,10.59704/6b158671e4376980,open (gold/diamond/green/hybrid),False
GHD-05169,24,2,closed,,Vaccine diplomacy: The politics of COVID-19 vaccines in Zimbabwe,2025.0,International Political Science Review,10.1177/01925121251328288,non-open (bronze/closed),False
GHD-00262,24,2,closed,,Advocating For Medical Diplomacy: A Conversation With Tommy G. Thompson,2004.0,Health Affairs,10.1377/hlthaff.w4.262,non-open (bronze/closed),False
GHD-00282,24,1,closed,,Agenda-setting in women’s health: critical analysis of a quarter-century of paradigm shift,2016.0,Edward Elgar Publishing eBooks,10.4337/9781784710866.00012,non-open (bronze/closed),False
GHD-05157,24,2,green,,Vaccine Diplomacy Game: The Race for Soft Power,2022.0,SSRN Electronic Journal,10.2139/ssrn.4092062,open (gold/diamond/green/hybrid),False
GHD-04935,24,1,diamond,,Toward a Health Silk Road,2020.0,China Quarterly of International Strategic Studies,10.1142/s2377740020500013,open (gold/diamond/green/hybrid),False
GHD-00334,24,2,green,,An Evaluation of Turkey's Health Diplomacy Initiatives in Somalia: A Case Study within the,2026.0,Research Square,10.21203/rs.3.rs-9103159/v1,open (gold/diamond/green/hybrid),False
GHD-04925,24,1,closed,,"Tobacco, politics and economics: implications for global health",1991.0,Social science & medicine (1982),10.1016/0277-9536(91)90275-h,non-open (bronze/closed),False
GHD-04648,24,2,hybrid,,The political economy of vaccine distribution and China's Belt and Road Initiative,2023.0,Business and Politics,10.1017/bap.2022.26,open (gold/diamond/green/hybrid),False
GHD-00854,24,1,diamond,,"Chinese Humanitarian to African countries within the framework of the ""China-Africa"" forum",2025.0,Конфликтология / nota bene,10.7256/2454-0617.2025.3.75431,open (gold/diamond/green/hybrid),False
GHD-00834,24,4,closed,,China’s public health diplomacy in the post Covid-19 era,2022.0,Journal of Chinese Economic and Business Studies,10.1080/14765284.2022.2056380,non-open (bronze/closed),False
GHD-00833,24,2,closed,,China’s pandemic-time public diplomacy in the Balkans and the challenge to the EU’s region,2023.0,New Perspectives,10.1177/2336825x231206724,non-open (bronze/closed),False
GHD-00805,24,2,green,,"China, the TRIPS Waiver and the Global Pandemic Response",2021.0,SSRN Electronic Journal,10.2139/ssrn.3975151,open (gold/diamond/green/hybrid),False
GHD-04611,24,2,bronze,,The Pandemic Agreement: What's Next?,2025.0,The International Journal of Health Planning and Management,10.1002/hpm.70000,non-open (bronze/closed),False
GHD-04628,24,2,diamond,,The People’s Republic of China as a ‘Pillar’ in the Foreign Policy of the Republic of Serb,2021.0,Politeja,10.12797/politeja.18.2021.73.08,open (gold/diamond/green/hybrid),False
GHD-04657,24,4,closed,,The Politics of Global Tobacco Control,2019.0,,10.1093/oxfordhb/9780190456818.013.38,non-open (bronze/closed),False
GHD-04694,24,2,bronze,,THE PROTOCOL ON WATER AND HEALTH AS A STRATEGY FOR GLOBAL WATER GOVERNANCE INTEGRATION,2018.0,International and Comparative Law Quarterly,10.1017/s0020589318000362,non-open (bronze/closed),False
GHD-04729,24,2,green,,THE RIGHT TO HEALTH AND PANDEMIC PREPAREDNESS: DOMESTIC PUBLIC-LAW DUTIES AFTER THE 2024 I,2026.0,Zenodo (CERN European Organization for Nuclear Research),10.5281/zenodo.21801022,open (gold/diamond/green/hybrid),False
GHD-00823,24,1,closed,,China’s Health Silk Road in the Middle East and North Africa amidst COVID-19 and a Contest,2021.0,Journal of Contemporary China,10.1080/10670564.2021.1966894,non-open (bronze/closed),False
GHD-04749,24,1,diamond,,THE ROLE OF INDONESIAN DIPLOMACY IN MANAGING GLOBAL MENTAL HEALTH CASES,2022.0,International Journal of Research -GRANTHAALAYAH,10.29121/granthaalayah.v10.i9.2022.4770,open (gold/diamond/green/hybrid),False
GHD-00828,24,1,diamond,,China’s Mask Diplomacy in Europe: Seeking Foreign Gratitude and Domestic Stability,2021.0,Journal of Current Chinese Affairs,10.1177/18681026211007147,open (gold/diamond/green/hybrid),False
GHD-00200,23,2,closed,,ABD Örneği Üzerinden Araştırma Ekosisteminde Tek Sağlık Yaklaşımı ve Tek Sağlık Bağlamında,2026.0,,10.53478/tuba.978-625-6110-70-0.ch01,non-open (bronze/closed),False
GHD-03490,23,1,closed,,Pre-empting Emergence,2006.0,Theory Culture & Society,10.1177/0263276406065121,non-open (bronze/closed),False
GHD-00639,23,1,gold,europepmc_fulltextxml,Building capacity and capability for science diplomacy: challenges in decolonizing the cur,2025.0,Frontiers in Public Health,10.3389/fpubh.2025.1441351,open (gold/diamond/green/hybrid),False
GHD-04851,23,2,diamond,,The US–China Rivalry: Health Diplomacy and Vaccine Donations Strategies,2024.0,Journal of Current Chinese Affairs,10.1177/18681026241289153,open (gold/diamond/green/hybrid),False
GHD-01609,23,2,green,,"Farm to Pharmacy: Nutrition, Animals, and Governance in Britain 1870-1945",2020.0,,10.7916/d8-a0e7-vx11,open (gold/diamond/green/hybrid),False
GHD-02798,23,1,gold,,Learning to Lead at the WHO: Thailand’s Global Health Diplomacy at the World Health Assemb,2025.0,Politics and Governance,10.17645/pag.9114,open (gold/diamond/green/hybrid),False
GHD-01886,23,1,closed,,Global Health Diplomacy and Governance: Mapping and Future Trends,2022.0,Hospital Topics,10.1080/00185868.2022.2027304,non-open (bronze/closed),False
GHD-02868,23,2,closed,,Maintaining health sector collaborations between United States non-governmental organizati,2009.0,Prehospital and disaster medicine,10.1017/s1049023x00006750,non-open (bronze/closed),False
GHD-05115,23,3,bronze,ncbi_pmc_efetch,USA: New York protest,2002.0,Tobacco Control,10.1136/tc.11.4.294,non-open (bronze/closed),False
GHD-02872,23,1,green,,"Make health, not war. Investigating the worldwide relevance and sustainability of Türkiye'",2025.0,Zenodo (CERN European Organization for Nuclear Research),10.5281/zenodo.18138849,open (gold/diamond/green/hybrid),False
GHD-00721,22,1,gold,,Challenges and Potential of Science Diplomacy in Latin America: A Focus on Neurosciences,2024.0,,10.31219/osf.io/2sxd3,open (gold/diamond/green/hybrid),False
GHD-05305,22,2,hybrid,,Why are the Dragon and the Elephant more Interested Dancing over South Asian Countries?,2021.0,Open Political Science,10.1515/openps-2021-0024,open (gold/diamond/green/hybrid),False
GHD-04735,22,1,bronze,,"The Rise of Chinese Military Medicine: Opportunity for Mercy Ship, not Gunboat, Diplomacy",2011.0,Military Medicine,10.7205/milmed-d-11-00030,non-open (bronze/closed),False
GHD-00825,22,1,closed,,China’s Health Silk Road: Vaccine Diplomacy and Health Governance,2024.0,Asian Affairs,10.1080/03068374.2024.2440711,non-open (bronze/closed),False
GHD-05173,22,2,closed,,Vaccine success will be rare boon for Havana,2021.0,Emerald expert briefings,10.1108/oxan-db262548,non-open (bronze/closed),False
GHD-00821,21,2,diamond,,China’s Health Diplomacy to ASEAN through ASEAN-China Comprehensive Strategic Partnership ,2026.0,Journal of Strategic and Global Studies,10.7454/jsgs.v9i1.1200,open (gold/diamond/green/hybrid),False
GHD-04476,21,1,closed,,The Hospital Ship as a Strategic Asset in21st Century Foreign Policy and Global Health Cri,2022.0,Military medicine,10.1093/milmed/usac061,non-open (bronze/closed),False
GHD-04411,21,1,bronze,,The Future of Somalia’s Foreign Relations in a Multipolar World,2025.0,Horn of Africa Journal of Social Science,10.70806/qvpmz542,non-open (bronze/closed),False
GHD-04473,21,1,closed,,The History and Overall Economic Influence of Chinese Healthcare Aid in Africa,2021.0,Advances in human services and public health (AHSPH) book series,10.4018/978-1-7998-4450-1.ch005,non-open (bronze/closed),False
GHD-01714,21,1,diamond,,From Big Data to Mask Diplomacy: Taiwan’s Effort to Strengthen International Role,2020.0,Jurnal Global & Strategis,10.20473/jgs.14.2.2020.189-202,open (gold/diamond/green/hybrid),False
GHD-02328,21,1,bronze,,How Loud and Clear Rung the Alarm Bell: The Communication Efforts of WHO on the Beginning ,2021.0,International Journal of Health Services,10.1177/00207314211024902,non-open (bronze/closed),False
GHD-04245,20,1,green,europepmc_fulltextxml,[The collapse of US responsible hegemony under the Trump administration and the implicatio,2025.0,PubMed,,open (gold/diamond/green/hybrid),False
GHD-02283,20,1,hybrid,,Health Silk Road: The Chinese Way to Global Health Governance,2023.0,Governance and Politics,10.24833/2782-7062-2023-2-1-69-83,open (gold/diamond/green/hybrid),False
GHD-02726,20,1,closed,,Japan’s vaccination progress will be slow,2021.0,Emerald expert briefings,10.1108/oxan-db260556,non-open (bronze/closed),False
GHD-04511,20,3,diamond,platform_fetcher_pmc_text,The importance of militaries from developing countries in global infectious disase surveil,2007.0,Bulletin of the World Health Organization,10.2471/blt.06.037101,open (gold/diamond/green/hybrid),False
GHD-00801,20,5,closed,,China's virus diplomacy has limited pull in Balkans,2021.0,Emerald expert briefings,10.1108/oxan-db259289,non-open (bronze/closed),False
GHD-03607,20,1,closed,,Qatar’s Development Cooperation and Least Developed Countries (LDCs),2022.0,Alternatives Global Local Political,10.1177/03043754221082899,non-open (bronze/closed),False
GHD-02566,20,2,hybrid,ncbi_pmc_efetch,International Collaborative Research Partnerships: Blending Science with Management and Di,2014.0,Journal of AIDS & Clinical Research,10.4172/2155-6113.1000385,open (gold/diamond/green/hybrid),False
GHD-00443,20,2,diamond,,At the cusp of change: Agenda Setting in Global Health Law by Emerging Economies,2026.0,AJIL Unbound,10.1017/aju.2026.10059,open (gold/diamond/green/hybrid),False
GHD-00817,20,1,closed,,China’s Global Governance as a Tool for Accelerating International Sustainable Development,2024.0,China Report,10.1177/00094455241288047,non-open (bronze/closed),False
GHD-04383,20,1,green,,The Fiocruz experience in Global Health and Health Diplomacy capacity building: conceptual,2010.0,LA Referencia (Red Federada de Repositorios Institucionales de Publicaciones Científicas),10.3395/reciis.v4i1.721,open (gold/diamond/green/hybrid),False
GHD-00211,18,1,closed,,Abu Dhabi will pivot to ‘soft power’ security policies,2021.0,Emerald expert briefings,10.1108/oxan-db264355,non-open (bronze/closed),False
GHD-04930,18,1,hybrid,,TOPIC: SECURITIZATION OF GLOBAL HEALTH PANDEMIC AND REITERATING THE RELEVANCE OF 2005 INTE,2022.0,African Journal of Empirical Research,10.51867/ajernet3.1.4,open (gold/diamond/green/hybrid),False
GHD-05341,18,2,closed,,WORLD HEALTH DIPLOMACY AND THE MULTILATERAL SYSTEM DILEMMA IN INTERNATIONAL HEALTH GOVERNA,2021.0,Full Text Book of Rimar Congress 3,10.47832/rimarcongress3-14,non-open (bronze/closed),False
GHD-05149,18,4,bronze,,‘VACCINE DIPLOMACY’ AND ‘VACCINE NATIONALISM’ IN THE POSTCOVID-19 ERA: AN APPRAISAL FROM T,2022.0,SPEKTRUM,10.31942/spektrum.v19i1.5970,non-open (bronze/closed),False
GHD-01939,18,1,hybrid,,Global Health Diplomacy to Combat Communicable Diseases and to Promote Universal Health Co,2022.0,Sustainable development goals series,10.1007/978-981-19-4859-6_2,open (gold/diamond/green/hybrid),False
GHD-00456,18,1,hybrid,,Averting collapse: Reimagining the NTDs ecosystem through G20 health diplomacy and science,2025.0,Microbes and Infection,10.1016/j.micinf.2025.105547,open (gold/diamond/green/hybrid),False
GHD-01054,18,1,diamond,,Covid-19 and its impact on Indian Foreign Policy: A Study,2022.0,Research Review Journal of Social Science,10.31305/rrjss.2021.v01.n01.001,open (gold/diamond/green/hybrid),False
GHD-00857,17,1,closed,,Chinese-russian diplomatic healthcare relations during the new coronavirus infection (COVI,2021.0,World of Russian-speaking Countries,10.20323/2658-7866-2021-3-9-5-33,non-open (bronze/closed),False
GHD-05176,17,3,closed,,Vaccines will be slow to reach the Sahel’s rural areas,2021.0,Emerald expert briefings,10.1108/oxan-db262552,non-open (bronze/closed),False
GHD-04794,17,1,diamond,europepmc_fulltextxml,The Sendai framework: disaster risk reduction through a health lens,2015.0,Bulletin of the World Health Organization,10.2471/blt.15.157362,open (gold/diamond/green/hybrid),False
GHD-00188,16,2,diamond,,A Theoretical and Analytical Review of Global Health Diplomacy: Creating Global Enviroment,2023.0,Dauliyah Journal of Islamic and International Affairs,10.21111/dauliyah.v8i1.6768,open (gold/diamond/green/hybrid),False
GHD-03819,16,1,bronze,,"Russian «vaccine diplomacy» in Latin America: achievements, problems and prospects",2022.0,Latinskaia Amerika,10.31857/s0044748x0021214-4,non-open (bronze/closed),False
GHD-01427,16,2,diamond,,El poder suave de la cooperación internacional de China,2022.0,Anuario Asia Pacífico el Colegio de México,10.24201/aap.2022.335,open (gold/diamond/green/hybrid),False
GHD-02280,16,2,gold,,Health Security as Catalyst in Migration Governance: A Practice-Based Case Study Building ,2026.0,Social Sciences,10.3390/socsci15070485,open (gold/diamond/green/hybrid),False
GHD-00791,16,1,bronze,,"China's Health Silk Road: Vaccine Diplomacy and Health Governance Gerald Chan. Cheltenham,",2024.0,The China Quarterly,10.1017/s0305741024001383,non-open (bronze/closed),False
GHD-03657,16,1,green,,Refocusing Global Health Priorities: The Dynamics of Agenda Setting in Global Health in th,2026.0,Zenodo (CERN European Organization for Nuclear Research),10.5281/zenodo.18815184,open (gold/diamond/green/hybrid),False
GHD-02189,16,2,gold,,Health diplomacy for a resilient Africa: Addressing shared threats and fostering regional ,2025.0,Global Public Health,10.1080/17441692.2025.2553637,open (gold/diamond/green/hybrid),False
GHD-00417,16,1,closed,,"Armed Conflict, War and Public Health",2025.0,Oxford Research Encyclopedia of Global Public Health,10.1093/acrefore/9780190632366.013.603,non-open (bronze/closed),False
GHD-01526,16,1,closed,,EU will push healthcare in African diplomacy,2020.0,Emerald expert briefings,10.1108/oxan-db254492,non-open (bronze/closed),False
GHD-02507,15,1,bronze,,Indonesian Foreign Policy and the COVID-19 Pandemic,2021.0,Foreign Policy Review,10.47706/kkifpr.2021.3.44-59,non-open (bronze/closed),False
GHD-02972,15,2,diamond,,Mercy in Russia's foreign policy: Russia's first medical diplomacy in Africa and its role ,2025.0,CARDIOVASCULAR THERAPY AND PREVENTION,10.15829/1728-8800-2025-4325,open (gold/diamond/green/hybrid),False
GHD-03919,15,2,green,,Shaping Global Health Law through United Nations Governance: The UN High-Level Meeting on ,2025.0,UNC Libraries,10.17615/c8sz-3j86,open (gold/diamond/green/hybrid),False
GHD-02106,14,2,diamond,platform_fetcher_pmc_text,Health and foreign policy in question: the case of humanitarian action,2007.0,Bulletin of the World Health Organization,10.2471/blt.06.038273,open (gold/diamond/green/hybrid),False
GHD-00836,14,1,closed,,China’s role in global health governance,2018.0,,10.4324/9781315297255-16,non-open (bronze/closed),False
GHD-01676,13,2,diamond,platform_fetcher_pmc_text,Foreign policy matters: a normative view of the G8 and population health,2007.0,Bulletin of the World Health Organization,10.2471/blt.06.037242,open (gold/diamond/green/hybrid),False
GHD-01060,12,2,closed,,COVID-19 could reconfigure African foreign relations,2020.0,Emerald expert briefings,10.1108/oxan-db252018,non-open (bronze/closed),False
GHD-02084,11,1,closed,,"Hard Currency, Solidarity, and Soft Power: The Motives, Implications, and Lessons of Cuban",2018.0,International Journal of Health Services,10.1177/0020731418805378,non-open (bronze/closed),False
GHD-00812,11,1,hybrid,,China’s COVID-19 Vaccine Diplomacy in the Gulf and Beyond: Efforts and Challenges,2023.0,Gulf Studies,10.1007/978-981-19-7796-1_39,open (gold/diamond/green/hybrid),False
GHD-00827,11,1,diamond,,China’s Mask Diplomacy: Health Assistance for South Pacific Countries During the COVID-19 ,2022.0,Journal of ASEAN Dynamics and Beyond,10.20961/aseandynamics.v3i1.52186,open (gold/diamond/green/hybrid),False
GHD-02107,11,2,diamond,platform_fetcher_pmc_text,Health and foreign policy: influences of migration and population mobility,2007.0,Bulletin of the World Health Organization,10.2471/blt.06.036962,open (gold/diamond/green/hybrid),False
GHD-02884,9,1,closed,,Making the International Health Regulations Matter,2014.0,,10.4324/9780203078563-21,non-open (bronze/closed),False
GHD-01088,8,1,hybrid,,COVID-19 VACCINE POLITICS OF INDIA WITH SPECIAL REFERENCE TO INDIA -BANGLADESH DIPLOMATIC ,2023.0,INTERNATIONAL JOURNAL OF HUMANITIES ENGINEERING SCIENCE AND MANAGEMENT,10.59364/ijhesm.v4i1.225,open (gold/diamond/green/hybrid),False
GHD-01261,8,1,diamond,europepmc_fulltextxml,Diplomacia de la salud: fortalecimiento de las oficinas de relaciones internacionales de l,2017.0,Revista Panamericana de Salud Pública,10.26633/rpsp.2017.145,open (gold/diamond/green/hybrid),False
GHD-00596,5,2,green,ncbi_pmc_efetch,Brazil: growers' lobby stalls FCTC.,2004.0,PubMed,,open (gold/diamond/green/hybrid),False
